document_id,most_prevalent_topic_id,most_prevalent_topic_probability,text_excerpt,state,school type,grade,year,subject
0,4,0.9775700192757388,"und Beschreibung umfasst die Wiederholung zuvor erarbeiteter Kompetenzen bzw. die Wiedergabe fachbezogener Sachverhalte. Operatoren aus diesem Anforderungsbereich sind z. B. benennen, beschreiben oder zusammenfassen. - Der Anforderungsbereich II Reorganisation und Transfer umfasst das selbstständige Übertragen gefestigter Unterrichtsinhalte auf neue, vergleichbare Lernkontexte sowie die eigenständige Anordnung und Gewichtung zuvor erworbener Kompetenzen. Operatoren aus diesem Anforderungsbereich sind z. B. vergleichen, erläutern oder einordnen.",Niedersachsen,Oberschule.pdf,,,"Ethik, Philo"
1,5,0.9740904963839364,"an das fachbezogene Können der Lernenden am Ende der gymnasialen Oberstufe und des beruflichen Gymnasiums aus Abschnitt .. Sie konkretisieren die Kompetenzbereiche und zielen grundsätzlich auf kritische Reflexionsfähigkeit sowie den Transfer beziehungsweise das Nutzen von Wissen für die Bewältigung persönlicher und gesellschaftlicher Herausforderungen. Die Lernenden setzen sich mit geeigneten und repräsentativen Lerninhalten und Themen, deren Sachaspekten und darauf bezogenen Fragestellungen auseinander",Hessen,Gym,Sek2,2024.0,"Ethik, Philo"
2,1,0.9808959761051111,"Fachmethoden in vergleichbaren Kontexten verwenden Übertragen Handlungs- und Verfahrensweisen routinemäßig gebrauchen Beherrschen Kenntnisse und Erfahrungen zu Sachverhalten und Zusammenhängen, im Umgang mit Lern- und Arbeitstechniken oder Fachmethoden durch Abstraktion und Transfer in unbekannten Kontexten verwenden Anwenden begründete Sach- und/oder Werturteile entwickeln und darstellen, Sachund/oder Wertvorstellungen in Toleranz gegenüber anderen annehmen oder ablehnen, vertreten, kritisch reflektieren und ggf. revidieren Beurteilen/ Sich positionieren",Sachsen,Gym,,2019.0,"Ethik, Philo"
3,5,0.5610545889284329,"Wissen und Kenntnissen Er umfasst das Wiedergeben und Beschreiben von Sachverhalten aus einem abgegrenzten Gebiet im gelernten Zusammenhang sowie die reproduktive Verwendung geübter Arbeitstechniken und Methoden. Anforderungsbereich II: Reorganisation und Transfer von Gelerntem Er umfasst das selbstständige Auswählen, Ordnen, Bearbeiten, Erklären und Darstellen bekannter Sachverhalte und insbesondere den Transfer bekannter Inhalte und Methoden auf andere Sachverhalte, zum Beispiel auf neue Fragestellungen,",BaWü,Gym,,2016.0,"Ethik, Philo"
4,5,0.48563454420069646,"sowie die reproduktive Verwendung geübter Arbeitstechniken und Methoden. Anforderungsbereich II: Reorganisation und Transfer von Gelerntem Er umfasst das selbstständige Auswählen, Ordnen, Bearbeiten, Erklären und Darstellen bekannter Sachverhalte und insbesondere den Transfer bekannter Inhalte und Methoden auf andere Sachverhalte, zum Beispiel auf neue Fragestellungen, Verfahrensweisen, Sachzusammenhänge oder unbekannte Texte. Anforderungsbereich III: Selbstständiges Urteilen und Bewerten Er umfasst den bewussten, reflektierten Umgang mit",BaWü,Gym,,2016.0,"Ethik, Philo"
5,4,0.9775700192757388,"und Beschreibung umfasst die Wiederholung zuvor erarbeiteter Kompetenzen bzw. die Wiedergabe fachbezogener Sachverhalte. Operatoren aus diesem Anforderungsbereich sind z. B. benennen, beschreiben oder zusammenfassen. - Der Anforderungsbereich II Reorganisation und Transfer umfasst das selbstständige Übertragen gefestigter Unterrichtsinhalte auf neue, vergleichbare Lernkontexte sowie die eigenständige Anordnung und Gewichtung zuvor erworbener Kompetenzen. Operatoren aus diesem Anforderungsbereich sind z. B. vergleichen, erläutern oder einordnen.",Niedersachsen,Gym,Sek2,2018.0,"Ethik, Philo"
6,1,0.9808959761051111,"Fachmethoden in vergleichbaren Kontexten verwenden Übertragen Handlungs- und Verfahrensweisen routinemäßig gebrauchen Beherrschen Kenntnisse und Erfahrungen zu Sachverhalten und Zusammenhängen, im Umgang mit Lern- und Arbeitstechniken oder Fachmethoden durch Abstraktion und Transfer in unbekannten Kontexten verwenden Anwenden begründete Sach- und/oder Werturteile entwickeln und darstellen, Sachund/oder Wertvorstellungen in Toleranz gegenüber anderen annehmen oder ablehnen, vertreten, kritisch reflektieren und ggf. revidieren Beurteilen/ Sich positionieren",Sachsen,Oberschule,,2019.0,"Ethik, Philo"
7,5,0.5610545889284329,"Wissen und Kenntnissen Er umfasst das Wiedergeben und Beschreiben von Sachverhalten aus einem abgegrenzten Gebiet im gelernten Zusammenhang sowie die reproduktive Verwendung geübter Arbeitstechniken und Methoden. Anforderungsbereich II: Reorganisation und Transfer von Gelerntem Er umfasst das selbstständige Auswählen, Ordnen, Bearbeiten, Erklären und Darstellen bekannter Sachverhalte und insbesondere den Transfer bekannter Inhalte und Methoden auf andere Sachverhalte, zum Beispiel auf neue Fragestellungen,",BaWü,,Sek1,2016.0,"Ethik, Philo"
8,5,0.48563454420069646,"sowie die reproduktive Verwendung geübter Arbeitstechniken und Methoden. Anforderungsbereich II: Reorganisation und Transfer von Gelerntem Er umfasst das selbstständige Auswählen, Ordnen, Bearbeiten, Erklären und Darstellen bekannter Sachverhalte und insbesondere den Transfer bekannter Inhalte und Methoden auf andere Sachverhalte, zum Beispiel auf neue Fragestellungen, Verfahrensweisen, Sachzusammenhänge oder unbekannte Texte. Anforderungsbereich III: Selbstständiges Urteilen und Bewerten Er umfasst den bewussten, reflektierten Umgang mit",BaWü,,Sek1,2016.0,"Ethik, Philo"
9,1,0.9808959761051111,"Fachmethoden in vergleichbaren Kontexten verwenden Übertragen Handlungs- und Verfahrensweisen routinemäßig gebrauchen Beherrschen Kenntnisse und Erfahrungen zu Sachverhalten und Zusammenhängen, im Umgang mit Lern- und Arbeitstechniken oder Fachmethoden durch Abstraktion und Transfer in unbekannten Kontexten verwenden Anwenden begründete Sach- und/oder Werturteile entwickeln und darstellen, Sachund/oder Wertvorstellungen in Toleranz gegenüber anderen annehmen oder ablehnen, vertreten, kritisch reflektieren und ggf. revidieren Beurteilen/ Sich positionieren",Sachsen,Gym,,2019.0,"Ethik, Philo"
10,4,0.9775700192757388,"und Beschreibung umfasst die Wiederholung zuvor erarbeiteter Kompetenzen bzw. die Wiedergabe fachbezogener Sachverhalte. Operatoren aus diesem Anforderungsbereich sind z. B. benennen, beschreiben oder zusammenfassen. - Der Anforderungsbereich II Reorganisation und Transfer umfasst das selbstständige Übertragen gefestigter Unterrichtsinhalte auf neue, vergleichbare Lernkontexte sowie die eigenständige Anordnung und Gewichtung zuvor erworbener Kompetenzen. Operatoren aus diesem Anforderungsbereich sind z. B. vergleichen, erläutern oder einordnen.",Niedersachsen,Gesamtschule,,2017.0,"Ethik, Philo"
11,4,0.6228071209349609,"Anlässe aufgreifen. Demnach zeigt sich der Lernerfolg in der Verwirklichung der fachspezifischen Kompetenzen und dokumentiert sich in der mündlichen und schriftlichen Äußerung. Dabei sollen die klassischen Anforderungsbereiche Reproduktion, Reorganisation und Transfer/Anwendung gleichermaßen Berücksichtigung finden. Dies gilt analog für das Messen und Beurteilen des Lernerfolges. Verbindliche und fakultative Elemente des Lehrplans Der Lehrplan ist nach Themen gegliedert. Zu jedem Thema wird in",Saarland,GemS,,2018.0,"Ethik, Philo"
12,1,0.6427530852954283,"Theorie weiterführende Gedanken entwickeln, diese in bildhafter Verdichtung darstellen und ihre Konsequenzen in Handlungsentwürfen veranschaulichen, - ethische Positionen und Denkmodelle in Gedankenexperimenten aus einem anderen Blickwinkel betrachten, durch Umkehrung oder Übertragung verfremden und mit Abstand reflektieren, - zu einer ethisch-moralischen Problemfrage ganz neue Ideen oder Hypothesen entwickeln und eigene Gedanken und persönliche Denkmodelle kreativ gestalten. Am Ende der Qualifikationsphase können die",Sachsen-Anhalt,Gym,,2022.0,"Ethik, Philo"
13,4,0.6228071209349609,"Anlässe aufgreifen. Demnach zeigt sich der Lernerfolg in der Verwirklichung der fachspezifischen Kompetenzen und dokumentiert sich in der mündlichen und schriftlichen Äußerung. Dabei sollen die klassischen Anforderungsbereiche Reproduktion, Reorganisation und Transfer/Anwendung gleichermaßen Berücksichtigung finden. Dies gilt analog für das Messen und Beurteilen des Lernerfolges. Verbindliche und fakultative Elemente des Lehrplans Der Lehrplan ist nach Themen gegliedert. Zu jedem Thema wird in",Saarland,Gym,,2018.0,"Ethik, Philo"
14,4,0.9775700192757388,"und Beschreibung umfasst die Wiederholung zuvor erarbeiteter Kompetenzen bzw. die Wiedergabe fachbezogener Sachverhalte. Operatoren aus diesem Anforderungsbereich sind z. B. benennen, beschreiben oder zusammenfassen. - Der Anforderungsbereich II Reorganisation und Transfer umfasst das selbstständige Übertragen gefestigter Unterrichtsinhalte auf neue, vergleichbare Lernkontexte sowie die eigenständige Anordnung und Gewichtung zuvor erworbener Kompetenzen. Operatoren aus diesem Anforderungsbereich sind z. B. vergleichen, erläutern oder einordnen.",Niedersachsen,Gym,Sek1,2017.0,"Ethik, Philo"
15,3,0.9577538110989491,"angehen. vgl. hierzu Teil C Anhang, Glossar Begriff Lernaufgabe, Materialien Kriterien für Lern aufgaben sowie Literatur hinweise/Links Aufgabenstellungen, die den Kompetenzerwerb sichern, sind dabei ebenso wichtig wie solche, die einen Transfer des Gelernten auf neue Anwendungssituationen erfordern. Leistungssituationen gestalten Damit kompetenzfördernder Unterricht gelingen kann, ist es einerseits notwendig, sinnvolle Lern situationen zu schaffen. Doch auch die Leistungssituationen müssen entsprechend gestaltet werden",Hessen,,Sek1,,"Ethik, Philo"
16,2,0.9577686319560529,"was ich schon kann und woran ich noch arbeiten muss. Ich bekomme Rückmeldung und Beratung. Ich setze mir neue Ziele. Kompetenzen stärken und erweitern Differenzierte Anforderungssituationen: Übung, Vertiefung, Anwendung und Transfer Ich arbeite auf meine Ziele hin und erhalte dabei Unterstützung. Ich nutze mein Wissen und Können - auch in für mich neuen Situationen. Ich erprobe und festige, was ich gelernt",Hessen,,Sek1,,"Ethik, Philo"
17,2,0.7729377280521663,eröffnen und gestalten: Neues Wissen auf die Lernaufgabe anwenden Lernwege dokumentieren Orientierung geben und erhalten: Lernstand feststellen Feedback geben durch Mitschüler/innen und Lehrkraft Kompetenzen stärken und erweitern: Übung Vertiefung Anwendung Transfer Lernen bilanzieren und reflektieren: Leistungsfeststellung Inhalt Mitbewohner/in für WG gesucht Gerechtigkeitsformeln Gerechtigkeitsformeln Wohngemeinschaft Lösungen Checkliste Schriftliche Stellungnahme Unterrichtsidee Diagnose Einstieg ins Thema: Wohnungsanzeige Philosophische Texte zu Gerech tigkeitstheorien oder Darstellungen,Hessen,,Sek1,,"Ethik, Philo"
18,4,0.40783618431240126,"Präsentation der Gerechtigkeitsformeln Entscheidung für Gerechtigkeitsformeln für die Erstellung einer WG-Lösung Verteilung von Kosten und anfallenden Arbeiten Gruppen präsentieren ihre Lösungen; kriteriengeleitete Diskussion MSA/HSA: Lernende erstellen eine Checkliste für Bewerber/innen; Übertragung auf größere Zusammenhänge: Schule, Stadt, Staat ÜSekII: Jede/r Lernende formuliert eine schriftliche Stellungnahme unter Ver wendung der Kriterienliste M; diese ist zugleich Bewertungsbogen; Bewertung anhand des Diagnosebogens Material Problemaufhänger/ Diagnosebogen",Hessen,,Sek1,,"Ethik, Philo"
19,4,0.9775700192757388,"und Beschreibung umfasst die Wiederholung zuvor erarbeiteter Kompetenzen bzw. die Wiedergabe fachbezogener Sachverhalte. Operatoren aus diesem Anforderungsbereich sind z. B. benennen, beschreiben oder zusammenfassen. - Der Anforderungsbereich II Reorganisation und Transfer umfasst das selbstständige Übertragen gefestigter Unterrichtsinhalte auf neue, vergleichbare Lernkontexte sowie die eigenständige Anordnung und Gewichtung zuvor erworbener Kompetenzen. Operatoren aus diesem Anforderungsbereich sind z. B. vergleichen, erläutern oder einordnen.",Niedersachsen,Realschule,,2018.0,"Ethik, Philo"
20,4,0.9093678684849342,"der Produktion billi I t üt t Sein: Die Welt Kultur Ethik / Globalisierung - Chancen und Gefahren inhaltsbezogene Kompetenzen methodisch-didaktische Hinweise arbeitsteiliges Recherchieren statistischer Daten zu obigen Bereichen Experte, Übertragung dieser Daten in das Bild eines globalen Dorfes oder Visualisierung auf einer auf dem Schulhof skizzierten Weltkarte: Konfrontation geschätzter Werte der ahnungslose Konsument mit gesicherten Daten Experte fiktiver Tagebucheintrag eines",Saarland,GemS,"7,8",2018.0,"Ethik, Philo"
21,3,0.33957130627754917,"den anderen Menschen das Selbstbild und die Handlungsmöglichkeiten beeinflusst Sozialkompetenz, lernen individuelle, soziale und kulturelle Bedingungen der Selbst- und Fremdwahrnehmung kennen - Sachkompetenz, erarbeiten durch die Methoden des Vergleichs, des Transfers bzw. durch kreative Mittel derGestaltung mit eigenen und fremden Perspektiven umzugehen Methodenkompetenz. Inhalte Hinweise zum Unterricht Bewusstseinsstrukturen und Wahrnehmungsstrukturen Was gehört zur Normalität meines Beschreibung des eigenen Lebens: Lebens Was",MeckPomm,,7-10,2002.0,"Ethik, Philo"
22,4,0.9775700192757388,"und Beschreibung umfasst die Wiederholung zuvor erarbeiteter Kompetenzen bzw. die Wiedergabe fachbezogener Sachverhalte. Operatoren aus diesem Anforderungsbereich sind z. B. benennen, beschreiben oder zusammenfassen. - Der Anforderungsbereich II Reorganisation und Transfer umfasst das selbstständige Übertragen gefestigter Unterrichtsinhalte auf neue, vergleichbare Lernkontexte sowie die eigenständige Anordnung und Gewichtung zuvor erworbener Kompetenzen. Operatoren aus diesem Anforderungsbereich sind z. B. vergleichen, erläutern oder einordnen.",Niedersachsen,Hauptschule,,2018.0,"Ethik, Philo"
23,4,0.9093678684849342,"der Produktion billi I t üt t Sein: Die Welt Kultur Ethik / Globalisierung - Chancen und Gefahren inhaltsbezogene Kompetenzen methodisch-didaktische Hinweise arbeitsteiliges Recherchieren statistischer Daten zu obigen Bereichen Experte, Übertragung dieser Daten in das Bild eines globalen Dorfes oder Visualisierung auf einer auf dem Schulhof skizzierten Weltkarte: Konfrontation geschätzter Werte der ahnungslose Konsument mit gesicherten Daten Experte fiktiver Tagebucheintrag eines",Saarland,Gym,"7,8",2018.0,"Ethik, Philo"
24,4,0.536174180761541,"eingeübter Arbeitstechniken Reproduktion. Der Anforderungsbereich II AFB II umfasst das selbstständige Erklären, Bearbeiten und Ordnen bekannter Inhalte und das angemessene Anwenden gelernter Inhalte und Methoden auf andere Sachverhalte Reorganisation und Transfer. Der Anforderungsbereich III AFB III umfasst den reflexiven Umgang mit neuen Problemstellungen, den eingesetzten Methoden und gewonnenen Erkenntnissen, um zu eigenständigen Begründungen, Folgerungen, Deutungen und Wertungen zu gelangen Reflexion und",,,,2005.0,Geschichte
25,5,0.8839929616271448,"ergibt sich in flexibler Weise aus dem Vortrag. Je mehr es dem Prüfling gelingt, seinen Vortrag selbstständig zu strukturieren, desto zurückhaltender reagiert der Prüfer bzw. die Prüferin. Mögliche Gesprächsverläufe a Übertragung von Mirows Gegenüberstellung von unten - von Kabinetten und Diplomaten auf den Einigungsprozess von /: Folgende Schwerpunkte sind besonders geeignet, um den Aspekt von unten zu belegen: Entwicklung der bürgerlich-nationalen",,,,2005.0,Geschichte
26,5,0.7222985914953882,"der Gesellschaft berücksichtigen. Grundsätzlich lässt die offene Beschreibung der Inhalte genügend Freiraum für individuelle Schwerpunktsetzungen und exemplarisches Lernen. Das Anknüpfen an vorhandenes Wissen bietet Zeit zur Wiederholung, Vertiefung, Festigung und Übertragung des Gelernten. So kann kompetenzorientiertes Lernen gelingen und ein vernetztes und anschlussfähiges historisches Wissen aufgebaut werden. Die Anordnung der Inhalte folgt dem Prinzip des exemplarischen sowie kategorialen Lernens und dem",Thüringen,Gym,,2021.0,Geschichte
27,3,0.9108375237928035,"zu verstehen. Auch geht es zunehmend darum, historische Widersprüche und Probleme aufzudecken und sie mit Hilfe fachspezifischer Kategorien und Begriffe zu formulieren und zu systematisieren. Historische Vergleiche und ein sinnvoller Transfer auf andere Epochen und Gegenwärtiges sind - auch im fachübergreifenden und fächerverbindenden Unterricht - anzustreben. Die Kinder verfügen bereits im Anfangsunterricht über erste Bausteine von Geschichtsbewusstsein, die im späteren Geschichtsunterricht",MeckPomm,,"5,6",,Geschichte
28,3,0.7083596640310595,"Abgrenzungen; Einordnung von Ereignissen in Raum und Zeit Zusammenhänge, Entwicklungen und Strukturen erkennen und ein Verständnis von ihrer Kausalität entwickeln Historische Widersprüche entdecken Begründete Sachurteile bilden Historische Vergleiche und sinnvollen Transfer auf andere Epochen und die Gegenwart vornehmen Grundlegende, ständig wiederkehrende und damit auch die Gegenwart betreffende Probleme in der Geschichte reflektieren Methodenkompetenz Angemessen mit Fachsprache und Fachbegriffen umgehen Facheigene Verfahrensweisen",MeckPomm,,"5,6",,Geschichte
29,4,0.536174180761541,"eingeübter Arbeitstechniken Reproduktion. Der Anforderungsbereich II AFB II umfasst das selbstständige Erklären Bearbeiten und Ordnen bekannter Inhalte und das angemessene Anwenden gelernter Inhalte und Methoden auf andere Sachverhalte Reorganisation und Transfer. Der Anforderungsbereich III AFB III umfasst den reflexiven Umgang mit neuen Problemstellungen, den eingesetzten Methoden und gewonnenen Erkenntnissen, um zu eigenständigen Begründungen, Folgerungen, Deutungen und Wertungen zu gelangen Reflexion und",Schleswig-Holstein,,Sek1,2016.0,Geschichte
30,4,0.9457918009239779,"methodischer Fertigkeiten jeweils transparent zu machen. Bei der Bestimmung des Planungsniveaus ist darauf zu achten, dass, entsprechend dem Leistungsvermögen der Lerngruppe, das Spektrum der Anforderungsbereiche I: Reproduktion; II: Reorganisation und Transfer; III: Reflexion und Problemlösung abgedeckt wird. Bei der Konstruktion von Aufgaben ist die Bandbreite unterschiedlicher Anforderungen angemessen zu berücksichtigen. Die drei Anforderungsbereiche sind in allen drei Doppeljahrgangsstufen auf einem altersangemessenen",Niedersachsen,Gym,Sek1,2015.0,Geschichte
31,4,0.9381169777949228,"stattgefunden hat. Darüber hinaus sollen jedoch auch Problemstellungen einbezogen werden, die die Verfügbarkeit von Kompetenzen eines langfristig angelegten Kompetenzaufbaus überprüfen. In schriftlichen Lernkontrollen sind alle drei Anforderungsbereiche Reproduktion, Reorganisation und Transfer sowie Reflexion und Problemlösung zu berücksichtigen. Bei schriftlichen Lernkontrollen in den Schuljahrgängen - liegt der Schwerpunkt in der Regel in den Bereichen I und II, im Schuljahrgang im Bereich II.",Niedersachsen,Gym,Sek1,2015.0,Geschichte
32,3,0.9191378876469103,"sowie der Umfang der zugrunde liegenden Quellen und Darstellungen sind größer. Ferner wird in Leistungskursen im Vergleich zu Grundkursen ein höherer Grad an Selbstständigkeit in der Ausführung, Vernetzung und dem Transfer entsprechender Operationen erwartet. Zusatzkurse berücksichtigen mindestens zwei der sieben Inhaltsfelder, aus denen die Lehrkräfte ausgehend von Lernendeninteressen, Schulprogrammschwerpunkten und aktuellen Ereignissen der Erinnerungskultur verschiedene Kompetenzerwartungen und inhaltliche Schwerpunkte des Kernlehrplans",NRW,Gym,Sek2,2014.0,Geschichte
33,5,0.7329332211398496,"Gedächtnis der Gesellschaft berücksichtigen. Grundsätzlich lässt die offene Beschreibung der Inhalte genügend Freiraum für individuelle Schwerpunktsetzungen sowie das Anknüpfen an vorhandenes Wissen und bietet Zeit zur Wiederholung, Vertiefung, Festigung und Übertragung des Gelernten. So kann kompetenzorientiertes Lernen gelingen und ein vernetztes und anschlussfähiges historisches Wissen aufgebaut werden. Die Anordnung der Inhalte folgt dem Prinzip des exemplarischen sowie kategorialen Lernens und dem",Thüringen,Regelschule,,2012.0,Geschichte
34,4,0.9692128130449249,"aufgeführt. Standards legen fest, welchen Anforderungen die Schülerinnen und Schüler gerecht werden müssen. Daher werden Operatoren in der Regel nach drei Anforderungsbereichen AFB gegliedert: Reproduktion AFB I Reorganisation AFB II Transfer/Bewertung AFB III Nicht in allen Fällen ist eine eindeutige Zuordnung eines Operators zu einem Anforderungsbereich möglich. Die Anforderungsbereiche sind in ihrer wechselseitigen Abhängigkeit zu sehen, demzufolge schließt der Anforderungsbereich III",BaWü,,Sek1,2016.0,Geschichte
35,1,0.9808959761051111,"Fachmethoden in vergleichbaren Kontexten verwenden Übertragen Handlungs- und Verfahrensweisen routinemäßig gebrauchen Beherrschen Kenntnisse und Erfahrungen zu Sachverhalten und Zusammenhängen, im Umgang mit Lern- und Arbeitstechniken oder Fachmethoden durch Abstraktion und Transfer in unbekannten Kontexten verwenden Anwenden begründete Sach- und/oder Werturteile entwickeln und darstellen, Sachund/oder Wertvorstellungen in Toleranz gegenüber anderen annehmen oder ablehnen, vertreten, kritisch reflektieren und ggf. revidieren Beurteilen/ Sich positionieren",Sachsen,Gym,,2019.0,Geschichte
36,2,0.946590502003489,"das Geheimnis der Pyramiden Götter, Helden, Baukunst , Olympische Spiele als Friedensidee Athen: Ursprung der Demokratie Recht, Verwaltung, Staat: das Erbe der Römer Römer und Germanen: römisches Leben und kultureller Transfer in Deutschland Geografische Dimension Klassen-/ Schulplan Topografie des Wohnortes, der Region, des Landes, der Kontinente, der Welt Kompass Gradnetz Naturräumliche Gliederung der Region und über die Region hinaus Wasser und",Bremen,Gym,Sek1,2006.0,Geschichte
37,2,0.9553805776810083,"modernen Staat beschreiben, die Spuren des römischen Lebens in Deutschland aufzeigen, die Unterschiede zwischen Römern und Germanen, die Auseinandersetzungen und die friedlichen Kontakte zwischen ihnen benennen, die Spuren des kulturellen Transfers zwischen Römern und Germanen in Sprache und Alltag aufzeigen. Geografische Dimension Die Schülerinnen und Schüler können ... einer Karte oder einem Globus wesentliche Informationen entnehmen und die Informationen unterschiedlicher Karten",Bremen,Gym,Sek1,2006.0,Geschichte
38,5,0.9631808253998215,"von Informationen und Sachverhalten, z. B. auch bildliche Darstellungen und Graphiken zusammenfassen Reduktion von Sachverhalten auf wesentliche Aspekte und deren strukturierte und unkommentierte Wiedergabe Operatoren, die Leistungen im Anforderungsbereich II Reorganisation/Transfer verlangen: einordnen zuordnen Einordnung eines Sachverhaltes in einen Zusammenhang charakterisieren herausarbeiten Beschreibung von Sachverhalten in ihren Eigenarten und Zusammenfassung dieser unter einem bestimmten Gesichtspunkt erstellen produktorientierte Bearbeitung von Aufgabenstellungen, z.",Saarland,Gym,Sek2,2019.0,Geschichte
39,5,0.9740904963839364,"an das fachbezogene Können der Lernenden am Ende der gymnasialen Oberstufe und des beruflichen Gymnasiums aus Abschnitt .. Sie konkretisieren die Kompetenzbereiche und zielen grundsätzlich auf kritische Reflexionsfähigkeit sowie den Transfer beziehungsweise das Nutzen von Wissen für die Bewältigung persönlicher und gesellschaftlicher Herausforderungen. Die Lernenden setzen sich mit geeigneten und repräsentativen Lerninhalten und Themen, deren Sachaspekten und darauf bezogenen Fragestellungen auseinander",Hessen,Gym,Sek2,2024.0,Geschichte
40,5,0.9648159895431573,"Wiedergabe von Informationen und Sachverhalten, z.B. auch bildliche Darstellungen und Graphiken zusammenfassen Reduktion von Sachverhalten auf wesentliche Aspekte und deren strukturierte und unkommentierte Wiedergabe Operatoren, die Leistungen im Anforderungsbereich II Reorganisation/Transfer verlangen: einordnen zuordnen Einordnung eines Sachverhaltes in einen Zusammenhang charakterisieren herausarbeiten Beschreibung von Sachverhalten in ihren Eigenarten und Zusammenfassung dieser unter bestimmten Gesichtspunkten erstellen produktorientierte Bearbeitung von Aufgabenstellungen, z.B. in",Saarland,Gym,Sek2,2023.0,Geschichte
41,1,0.9808959761051111,"Fachmethoden in vergleichbaren Kontexten verwenden Übertragen Handlungs- und Verfahrensweisen routinemäßig gebrauchen Beherrschen Kenntnisse und Erfahrungen zu Sachverhalten und Zusammenhängen, im Umgang mit Lern- und Arbeitstechniken oder Fachmethoden durch Abstraktion und Transfer in unbekannten Kontexten verwenden Anwenden begründete Sach- und/oder Werturteile entwickeln und darstellen, Sachund/oder Wertvorstellungen in Toleranz gegenüber anderen annehmen oder ablehnen, vertreten, kritisch reflektieren und ggf. revidieren Beurteilen/ Sich positionieren",Sachsen,Oberschule,,2019.0,Geschichte
42,3,0.9577538110989491,"angehen. vgl. hierzu Teil C Anhang, Glossar Begriff Lernaufgabe, Materialien Kriterien für Lern aufgaben sowie Literatur hinweise/Links Aufgabenstellungen, die den Kompetenzerwerb sichern, sind dabei ebenso wichtig wie solche, die einen Transfer des Gelernten auf neue Anwendungssituationen erfordern. Leistungssituationen gestalten Damit kompetenzfördernder Unterricht gelingen kann, ist es einerseits notwendig, sinnvolle Lern situationen zu schaffen. Doch auch die Leistungssituationen müssen entsprechend gestaltet werden",Hessen,,Sek1,2011.0,Geschichte
43,2,0.9577686319560529,"was ich schon kann und woran ich noch arbeiten muss. Ich bekomme Rückmeldung und Beratung. Ich setze mir neue Ziele. Kompetenzen stärken und erweitern Differenzierte Anforderungssituationen: Übung, Vertiefung, Anwendung und Transfer Ich arbeite auf meine Ziele hin und erhalte dabei Unterstützung. Ich nutze mein Wissen und Können - auch in für mich neuen Situationen. Ich erprobe und festige, was ich gelernt",Hessen,,Sek1,2011.0,Geschichte
44,2,0.6774363877447784,"zielt auf anwendbares Wissen. Daher müssen Lernaufgaben so gestaltet sein, dass sie an die Lernausgangslage der Schülerinnen und Schüler anknüpfen, die Kompetenzerwartungen deutlich werden lassen, auf Problemlösung, Übung, Vertiefung und Transfer abzielen und Phasen von Reflexion, Bilanzierung und Rückmeldung bereithalten. Aufgaben der Fachkonferenzen Kollegiale Kooperation gehört an vielen Schulen Hessens seit langem zum professionellen und Gewinn bringenden Handeln. Mit der Arbeit",Hessen,,Sek1,2011.0,Geschichte
45,2,0.7061546381069058,für das Verständnis ihrer Gegenwart und hinsichtlich des Lern prozesses. Handlungsfelder und Aspekte kompetenz orientierten Lernens Kompetenzen stärken und erweitern: - Erweiterung der Analysekompetenz im Umgang mit historischen Reden - Transfer: Unter suchung des weiteren Verlaufs der Revolution unter den vorgegebenen Kategorien Lernen bilanzieren und reflektieren: - Reflexion fachspezifisch hinsichtlich der epochalen Wirkungen der Revolution - Kompetenzraster Unterrichtsgeschehen Reflexion: Welche Forderungen,Hessen,,Sek1,2011.0,Geschichte
46,3,0.8389228477276061,"den Vordergrund und welche Auswirkungen hat das für den Revolutionsprozess Analyse der Rede Robespierres vom vor dem Nationalkonvent Diskussion der Frage, ob Freiheit durch Gewalt durchgesetzt werden kann und soll Transfer auf andere Freiheitsbewegungen, z.B. Ägypten /: Ist Gewalt legitim bei der Durchsetzung von Freiheit Erstellen eines Methodenblatts: Analyse und Interpretation historisch-politischer Reden M Recherche in Schulbuch oder Internet: Wie verlief",Hessen,,Sek1,2011.0,Geschichte
47,4,0.8193196003848313,"Abitur APA entnommen und dort einer dreistufigen Niveauskala zugeordnet sind: einer ersten Niveaustufe auf der Ebene des Wissens bzw. der Reproduktion, einer zweiten Niveaustufe auf der Ebene des Problembewusstseins bzw. Transfers, einer dritten Niveaustufe auf der Ebene der Reflexion und Problemlösefähigkeit. In der APA werden die Operatoren auch inhaltlich beschrieben. Die Sachkompetenz als Leitkompetenz, an der sich die Gliederung des Lehrplans",Saarland,Gym,Sek1,2014.0,Geschichte
48,3,0.7837209303741307,"öffentliche Debatte und Unterrichtsergebnissen zur gleichen Thematik. Methodenkompetenz Planungen des Vorgehens bei einem neuen Thema lassen erkennen, dass im Unterricht eingeführte Methoden lehrergeleitet auf ähnliche Inhaltsbereiche bezogen werden. Der methodische Transfer zeigt folgende Teilleistungen, die vom einzelnen Schüler wie von der Lerngruppe in Kooperation erbracht werden. Erarbeitung Die Schülerinnen und Schüler formulieren Fragen an die Vergangenheit und Vorschläge für einen Arbeitsplan,",Berlin,Gym,Sek2,2022.0,Geschichte
49,2,0.4864895789793797,"der römischen Republik Vergleich mit der neuzeitlichen Sklaverei Die Mentalität des antiken und des mittelalterlichen Menschen Religiosität Leben und Sterben Geschlechterverhältnisse Begegnungen von Christen und Muslimen im Mittelalter Wahrnehmungen, Kontakte, Transfer Kreuzzüge Deutsche und Slawen im Mittelalter Slawische Kultur Ostsiedlung Deutscher Orden Kirche und Kirchenreform im späten Mittelalter Kirchenkritik Konzilien Reformation Wahlbereiche zum Kurshalbjahr ge-/GE- Migrationen religiöse Ursachen politische Ursachen wirtschaftliche",Berlin,Gym,Sek2,2022.0,Geschichte
50,3,0.7279988640098661,"im Zytoplasma, Stofftransport zwischen Kompartimenten, Abbau von Brenztraubensäure im Mitochondrium zu Kohlenstoffdioxid mit Bildung von NADH und FADH als energiereiche Zwischenspeicher oxidative Decarboxylierung, Tricarbonsäurezyklus, Regeneration von NAD und FAD durch Übertragung von Elektronen und Protonen auf Sauerstoff-Moleküle in der Atmungskette, Bildung eines Protonengradienten zur chemiosmotischen Bildung von ATP Vergleich Photosynthese und Zellatmung: Feinbau von Chloroplast und Mitochondrium Kompartimentierung, Oberflächenvergrößerung, Membransystem; biochemische",Bayern,Gym,13,2024.0,Bio
51,3,0.4441036561483541,"im Zytoplasma, Stofftransport zwischen Kompartimenten, Abbau von Brenztraubensäure im Mitochondrium zu Kohlenstoffdioxid mit Bildung von NADH und FADH als energiereiche Zwischenspeicher oxidative Decarboxylierung, Tricarbonsäurezyklus, Regeneration von NAD und FAD durch Übertragung von Elektronen und Protonen auf SauerstoffMoleküle in der Atmungskette, energetisches Modell der Atmungskette, Bildung eines Protonengradienten zur chemiosmotischen Bildung von ATP Vergleich Photosynthese und Zellatmung: Feinbau von Chloroplast und Mitochondrium",Bayern,Gym,13,2024.0,Bio
52,4,0.971226726996502,"aufgeführt. Standards legen fest, welchen Anforderungen die Schülerinnen und Schüler gerecht werden müssen. Daher werden Operatoren in der Regel nach drei Anforderungsbereichen AFB gegliedert: Reproduktion AFB I Reorganisation AFB II Transfer AFB III Nicht in allen Fällen ist eine eindeutige Zuordnung eines Operators zu einem Anforderungsbereich möglich. Je nach inhaltlichem Kontext und unterrichtlichem Vorlauf können Operatoren in mehrere Anforderungsbereiche eingeordnet werden.",BaWü,,Sek 1,2022.0,Bio
53,3,0.9577538110989491,"angehen. vgl. hierzu Teil C Anhang, Glossar Begriff Lernaufgabe, Materialien Kriterien für Lern aufgaben sowie Literatur hinweise/Links Aufgabenstellungen, die den Kompetenzerwerb sichern, sind dabei ebenso wichtig wie solche, die einen Transfer des Gelernten auf neue Anwendungssituationen erfordern. Leistungssituationen gestalten Damit kompetenzfördernder Unterricht gelingen kann, ist es einerseits notwendig, sinnvolle Lern situationen zu schaffen. Doch auch die Leistungssituationen müssen entsprechend gestaltet werden",Hessen,,Sek1,,Bio
54,2,0.9577686319560529,"was ich schon kann und woran ich noch arbeiten muss. Ich bekomme Rückmeldung und Beratung. Ich setze mir neue Ziele. Kompetenzen stärken und erweitern Differenzierte Anforderungssituationen: Übung, Vertiefung, Anwendung und Transfer Ich arbeite auf meine Ziele hin und erhalte dabei Unterstützung. Ich nutze mein Wissen und Können - auch in für mich neuen Situationen. Ich erprobe und festige, was ich gelernt",Hessen,,Sek1,,Bio
55,1,0.7397843639534628,"Grafiken Informationsverarbeitung Biologie GK Inhalte / Basisbegriffe Verbindliche Kompetenzerwartungen Vorschläge und Hinweise Inf Erregungen werden an Synapsen in chemischer Form auf andere Zellen übertragen Inf Neuromuskuläre Synapsen sind auf die Erregungs-übertragung von Nervenzellen auf Muskelzellen spezialisiert. Die Schülerinnen und Schüler a neuromuskuläre Synapse, motorische Endplatte, Muskelfaser, Myofibrille, spannungsgesteuerte Na-Kanäle a beschreiben den Bau einer neuromuskulären Synapse motorische Endplatte, b Na-Einstrom, Endplattenpotenzial",Saarland,Gym,Sek2,2024.0,Bio
56,1,0.9808959761051111,"Fachmethoden in vergleichbaren Kontexten verwenden Übertragen Handlungs- und Verfahrensweisen routinemäßig gebrauchen Beherrschen Kenntnisse und Erfahrungen zu Sachverhalten und Zusammenhängen, im Umgang mit Lern- und Arbeitstechniken oder Fachmethoden durch Abstraktion und Transfer in unbekannten Kontexten verwenden Anwenden begründete Sach- und/oder Werturteile entwickeln und darstellen, Sachund/oder Wertvorstellungen in Toleranz gegenüber anderen annehmen oder ablehnen, vertreten, kritisch reflektieren und ggf. revidieren Beurteilen/ Sich positionieren",Sachsen,Oberschule,,2019.0,Bio
57,1,0.9375681010856735,"Unterschiede. Mod ll d M d llbild h lf k l Ph d V b b i d D Modellieren bzw. kritische Reflektieren eines Modells umfasst auch Abstraktionsvorgänge und den Transfer von Fähigkeiten und Fertigkeiten. Kompetenzbereich Kommunikation: Arbeiten mit Quellen Kommunizieren und argumentieren Dokumentieren und präsentieren Verwenden von Fach - und Symbolsprache Im Bildungsbereich, in der privaten Sphäre und nicht zuletzt",Hessen,Gym,Sek1,2024.0,Bio
58,1,0.49241102350986327,"abiotischen Umweltfaktor Nachweis der enzymatischen Stärkespaltung Nachweis von Kohlenstoffdioxid als Endprodukt der alkoholischen Gärung Inhaltsbereich Informationsverarbeitung in Lebewesen grundlegendes und erhöhtes Anforderungsniveau zusätzlich für das erhöhte Anforderungsniveau Informationsaufnahme, -weiterleitung und -übertragung Die Lernenden können - die Bedeutung der Reizbarkeit erläutern - die Reiz-Reaktions-Kette darstellen adäquate Reize - primäre und sekundäre Sinneszellen sowie Sinnesnervenzellen unterscheiden - den Zusammenhang von Bau und Funktion",Thüringen,Gym,,2024.0,Bio
59,3,0.530901885637221,"des heutigen Menschen pseudowissenschaftliche Darstellungen und Falschinformation zu erkennen z. B. unzulässige Verallgemeinerungen, fehlerhafte Erfassung und Interpretation von Daten, absichtliche Täuschungen Verwendung bzw. Auslegung des Begriffs Nachhaltigkeit, unkritische und fehlerhafte Übertragung biologischer Gesetzmäßigkeiten auf die menschliche Gesellschaft natürliche/ genetische Selektion, r- und K-Strategen, Entstehung von Pandemien, Kreationismus Leistungseinschätzung Grundsätze Die Leistungseinschätzung umfasst die Einschätzung der individuellen Leistungsentwicklung der Lernenden sowie die",Thüringen,Gym,,2024.0,Bio
60,3,0.9781575482181031,"durch Übung bekannten Zusammenhang, selbstständiges Übertragen des Gelernten auf vergleichbare neuartige Fragestellungen, veränderte Sachzusammenhänge oder abgewandelte Verfahrensweisen. Im Fach Biologie gehören dazu: die Anwendung der Basiskonzepte in neuartigen Zusammenhängen, die Übertragung und Anpassung von Modellvorstellungen die sachgerechte, eigenständig strukturierte und Aufgaben bezogene Darstellung komplexer biologischer Abläufe im Zusammenhang einer Aufgabenstellung die Auswahl bekannter Daten, Fakten und Methoden zur Herstellung neuer Zusammenhänge",MeckPomm,,7-10,2021.0,Bio
61,2,0.9185834320852384,"und Viren Immunabwehr unspezifisch spezifisch Immunität natürliche künstliche: aktive und passive Immunisierung Geeignete Beispiele: Grippe, Maserninfektion, COVID-, Borreliose Fieber, Flimmerepithelien, Magensäure, Scheidenmilieu Fresszellen, Antikörperbildung, Antigen-Antikörperreaktion Bedeutung des Stillens für die Übertragung von Abwehrstoffen Bedeutung des Impfschutzes für die Gesellschaft/Impfpflicht BTV DRF Beispiele für die Verknüpfung von Inhalten und prozessbezogenen Kompetenzen: S: den Ablauf einer Infektionskrankheit beschreiben E: spezifische und unspezifische Immunabwehr",MeckPomm,,7-10,2021.0,Bio
62,2,0.5397039996988532,"den Kompetenzen: Tracheensystem, offener Blutkreislauf, ggf. z. B. Hautatmung bei Ringelwürmern Nutzung unterschiedlicher Nahrungsquellen: Angepasstheiten der Mundwerkzeuge, positive und negative Folgen für den Menschen z. B. Bestäubung von Pflanzen, Destruenten; Übertragung von Krankheiten, Nahrungskonkurrenz ausgewählte Vertreter der Wirbellosen, Formenkenntnis B .: Fortpflanzung, Wachstum und Individualentwicklung Kompetenzerwartungen Die Schülerinnen und Schüler ... vergleichen Vertreter der Insekten untereinander, mit Vertretern der Wirbeltiere und",Bayern,Gym,9,2024.0,Bio
63,5,0.7936319443194109,"Auswerten und Erstellen von Diagrammen soll hierbei besonders geübt werden. b recherchieren und präsentieren ein weiteres Gift. Inf Die Funktionsweise des Nervensystems kann moduliert werden Inf Lernen beeinflusst die synaptische Übertragung. Die Schülerinnen und Schüler a Lernen, Erfahrung, Speicherung von Informationen, Gedächtnis, Verhaltensänderung a geben eine neurobiologische Definition von Lernen an, a Lernen: Änderung von synaptischen Übertragungen an Nervenzellen; dabei bewirken",Saarland,Gym,Sek2,2024.0,Bio
64,5,0.4953331227395195,"Verhaltensänderung a geben eine neurobiologische Definition von Lernen an, a Lernen: Änderung von synaptischen Übertragungen an Nervenzellen; dabei bewirken Umweltreize und Erfahrungen die Ausbildung neuer Synapsen bzw. die Verbesserung synaptischer Übertragung. b, c Habituation, Sensitivierung, klassische Konditionierung, Schlüsselreiz, unbedingter Reiz, unbedingter Reflex, bedingter Reflex, Extinktion, operante Konditionierung, Prägung, sensible Phase, elterliche Prägung, sexuelle Prägung, Ortsprägung, Nahrungsprägung b beschreiben einfache Lernprozesse, die",Saarland,Gym,Sek2,2024.0,Bio
65,5,0.696463635157977,"/ Situationen, welche lebensbedrohlich sein können. Informationsverarbeitung Biologie LK Inhalte / Basisbegriffe Verbindliche Kompetenzerwartungen Vorschläge und Hinweise Inf Die Funktionsweise des Nervensystems kann moduliert werden Inf Lernen beeinflusst die synaptische Übertragung. Die Schülerinnen und Schüler c führen ein einfaches Experiment zur klassischen Konditionierung durch und werten es aus, c Beispiel: Konditionierung des Lidschlussreflexes durch einen Luftstoß in Kombination mit akustischem Signal",Saarland,Gym,Sek2,2024.0,Bio
66,5,0.9256518646509174,"durch und werten es aus, c Beispiel: Konditionierung des Lidschlussreflexes durch einen Luftstoß in Kombination mit akustischem Signal d neuronale Plastizität / synaptische Plastizität, Bahnung, Potenzierung / Verstärkung der synaptischen Übertragung, Depression/Abschwächung der synaptischen Übertragung d begründen die neuronale Plastizität als Voraussetzung für komplexe Lernprozesse auf zellulärer Ebene, d Neuronale Verbindungen sind nicht starr, sondern aufgrund funktioneller Geschehen z. B. Lernen,",Saarland,Gym,Sek2,2024.0,Bio
67,5,0.9319286337095958,"aus, c Beispiel: Konditionierung des Lidschlussreflexes durch einen Luftstoß in Kombination mit akustischem Signal d neuronale Plastizität / synaptische Plastizität, Bahnung, Potenzierung / Verstärkung der synaptischen Übertragung, Depression/Abschwächung der synaptischen Übertragung d begründen die neuronale Plastizität als Voraussetzung für komplexe Lernprozesse auf zellulärer Ebene, d Neuronale Verbindungen sind nicht starr, sondern aufgrund funktioneller Geschehen z. B. Lernen, Verlust von Nervenzellen veränderbar.",Saarland,Gym,Sek2,2024.0,Bio
68,5,0.9381103690965957,"Hormon-Rezeptor-Komplex b geben die Sekretionsorte von Hormonen an, c chemische vs. elektrische Signalübertragung, Blut, Zielzellen c vergleichen die Übermittlung von Signalen durch Hormonsystem und Nervensystem. c Nervensystem: schnelle und direkte Übertragung elektrischer Signale über Neuronen auf lokale Zielzellen; nur an Synapsen chemische Übertragung durch Neurotransmitter. Rezeptoren an postsynaptischer Membran. Hormonsystem: Langsamere Übertragung von Signalen auf größere Zielbereiche über weitere Wege durch",Saarland,Gym,Sek2,2024.0,Bio
69,5,0.9493131289349248,"Signalübertragung, Blut, Zielzellen c vergleichen die Übermittlung von Signalen durch Hormonsystem und Nervensystem. c Nervensystem: schnelle und direkte Übertragung elektrischer Signale über Neuronen auf lokale Zielzellen; nur an Synapsen chemische Übertragung durch Neurotransmitter. Rezeptoren an postsynaptischer Membran. Hormonsystem: Langsamere Übertragung von Signalen auf größere Zielbereiche über weitere Wege durch chemische Botenstoffe über das Blut zu Zielzellen mit entsprechenden Rezeptoren. Wirkung zeitlich",Saarland,Gym,Sek2,2024.0,Bio
70,5,0.9522009214612337,"durch Hormonsystem und Nervensystem. c Nervensystem: schnelle und direkte Übertragung elektrischer Signale über Neuronen auf lokale Zielzellen; nur an Synapsen chemische Übertragung durch Neurotransmitter. Rezeptoren an postsynaptischer Membran. Hormonsystem: Langsamere Übertragung von Signalen auf größere Zielbereiche über weitere Wege durch chemische Botenstoffe über das Blut zu Zielzellen mit entsprechenden Rezeptoren. Wirkung zeitlich verzögert, aber länger anhaltend. Informationsverarbeitung Biologie LK Inhalte /",Saarland,Gym,Sek2,2024.0,Bio
71,4,0.8336598393613813,"Satellitenbild zum erbericht ung für jedes Weter und Landwirtft Wärmetransport als Temperaturausgleich, Wärme- und Wasserkreislauf, die Erde im Sonnensystem Strahlung, Reflexion, Absorption, Wärmeausdehnung Temperatur und Wärme, Energieformen, Licht- und Wärmeenergie, Übertragung und Speicherung von Energie einfaches Teilchenmodell, Aggregatzustände erheit im Straßenehr n mit BehinderunAuge und Ohr als Licht- bzw. Schallempfänger, Schattenbildung, Schallschwingungen, Lärmschutz Schallausbreitung, Absorption, Reflexion Licht- und Schallausbreitung, Schallgeschwindigkeit der",NRW,Hauptschule,,2011.0,Bio
72,1,0.9552431485613241,"und Schüler können Werkzeuge und Verfahren der Molekularbiologie erläutern Restriktionsenzyme, Plasmide, PCR, Gelelektrophorese Kommunikation , , Genetik Biomoleküle und molekulare Genetik ein Verfahren zur Herstellung transgener Organismen erläutern Isolierung und Transfer von Genen, Selektion transgener Organismen Chancen und Risiken der Nutzung gentechnisch veränderter Organismen bewerten zum Beispiel in der Landwirtschaft Kommunikation , , Bewertung , , , , ETH Verantwortungsethik REV",BaWü,Gemeinschaftsschule,Sek2,2022.0,Bio
73,1,0.959611038381786,"Restriktionsenzyme, Plasmide, PCR, Gelelektrophorese eine Methode zur gezielten Veränderung von DNA beschreiben CRISPR/Cas Kommunikation , , Genetik Biomoleküle und molekulare Genetik ein Verfahren zur Herstellung transgener Organismen erläutern Isolierung und Transfer von Genen, Selektion transgener Organismen Die Schülerinnen und Schüler können Chancen und Risiken der Nutzung gentechnisch veränderter Organismen bewerten zum Beispiel in der Landwirtschaft Kommunikation , , , Bewertung ,",BaWü,Gemeinschaftsschule,Sek2,2022.0,Bio
74,4,0.971226726996502,"aufgeführt. Standards legen fest, welchen Anforderungen die Schülerinnen und Schüler gerecht werden müssen. Daher werden Operatoren in der Regel nach drei Anforderungsbereichen AFB gegliedert: Reproduktion AFB I Reorganisation AFB II Transfer AFB III Nicht in allen Fällen ist eine eindeutige Zuordnung eines Operators zu einem Anforderungsbereich möglich. Je nach inhaltlichem Kontext und unterrichtlichem Vorlauf können Operatoren in mehrere Anforderungsbereiche eingeordnet werden.",BaWü,Gemeinschaftsschule,Sek2,2022.0,Bio
75,1,0.9690905436349304,"deren Messung beschreiben die kontinuierliche und saltatorische Erregungsweiterleitung vergleichend darstellen Erkenntnisgewinnung , , Kommunikation , , Biomoleküle und molekulare Genetik CH.V Stoffe und ihre Teilchen PH.V Grundgrößen der Elektrizitätslehre die Übertragung der Erregung an der Synapse erläutern interneuronale und neuromuskuläre Synapse die Wirkung von Stoffen auf Synapsen an Beispielen erläutern zum Beispiel Gifte, Drogen an einer Sinneszelle die Reizaufnahme und die",BaWü,Gemeinschaftsschule,Sek2,2022.0,Bio
76,1,0.9701974096377476,"deren Messung beschreiben die kontinuierliche und saltatorische Erregungsweiterleitung vergleichend darstellen Erkenntnisgewinnung , , Kommunikation , , Biomoleküle und molekulare Genetik CH.V Stoffe und ihre Teilchen PH.V Grundgrößen der Elektrizitätslehre die Übertragung der Erregung an der Synapse erläutern interneuronale und neuromuskuläre Synapse die Wirkung von Stoffen auf Synapsen an Beispielen erläutern zum Beispiel Gifte, Drogen die Verrechnung der Signale von erregenden und",BaWü,Gemeinschaftsschule,Sek2,2022.0,Bio
77,1,0.9457261878613159,den Eigenschaften der Stoffe auf ihre Verwendungsmöglichkeiten. F Chemische Reaktionen Die Schülerinnen und Schüler F. beschreiben Phänomene der Stoff- und Energieumwandlung bei chemischen Reaktionen. F kennzeichnen in ausgewählten Donator-Akzeptor-Reaktionen die Übertragung von Teilchen und bestimmen die Reaktionsart. F. erstellen Reaktionsschemata. F. beschreiben Beispiele für Stoffkreisläufe in Natur und Technik als Systeme chemischer Reaktionen. F beschreiben Möglichkeiten der Steuerung chemischer Reaktionen. F,Saarland,GemS,"7,8",2014.0,Bio
78,2,0.7464337890205062,"und Viren Immunabwehr unspezifisch spezifisch Immunität natürliche künstliche: aktive und passive Immunisierung Geeignete Beispiele: Grippe, Maserninfektion, COVID-, Borreliose Fieber, Flimmerepithelien, Magensäure, Scheidenmilieu Fresszellen, Antikörperbildung, AntigenAntikörperreaktion Bedeutung des Stillens für die Übertragung von Abwehrstoffen Bedeutung des Impfschutzes für die Gesellschaft, Impfpflicht BTV DRF Beispiele für die Verknüpfung von Inhalten und prozessbezogenen Kompetenzen: S: den Ablauf einer Infektionskrankheit beschreiben E: spezifische und unspezifische",MeckPomm,Gym,Sek 1,2022.0,Bio
79,3,0.868901832440832,"B. Flussdiagramme die schriftliche Darstellung von Daten, Tabellen, Diagrammen und Abbildungen mithilfe der Fachsprache Im Fach Biologie gehören in den Anforderungsbereich II: die Anwendung der Basiskonzepte in neuartigen Zusammenhängen die Übertragung und Anpassung von Modellvorstellungen die sachgerechte, eigenständig strukturierte und Aufgaben bezogene Darstellung komplexer biologischer Abläufe im Zusammenhang einer Aufgabenstellung die gezielte Entnahme von Informationen aus vielschichtigen Materialien unter einem vorgegebenen",MeckPomm,Gym,Sek 1,2022.0,Bio
80,3,0.977549542935886,"durch Übung bekannten Zusammenhang, selbstständiges Übertragen des Gelernten auf vergleichbare neuartige Fragestellungen, veränderte Sachzusammenhänge oder abgewandelte Verfahrensweisen. Im Fach Biologie gehören dazu die Anwendung der Basiskonzepte in neuartigen Zusammenhängen, die Übertragung und Anpassung von Modellvorstellungen, die sachgerechte, eigenständig strukturierte und Aufgaben bezogene Darstellung komplexer biologischer Abläufe im Zusammenhang mit einer Aufgabenstellung, die Auswahl bekannter Daten, Fakten und Methoden zur Herstellung neuer",Schleswig-Holstein,,Sek1,2019.0,Bio
81,1,0.9522024670185131,"Beziehungen sowie über ökologische Ähnlichkeiten und Unterschiede. Modelle und Modellbildung helfen, wenn komplexe Phänomene oder Vorgänge bearbeitet werden. Das Modellieren bzw. kritische Reflektieren eines Modells umfasst auch Abstraktionsvorgänge und den Transfer von Fähigkeiten und Fertigkeiten. Kompetenzbereich Kommunikation: Arbeiten mit Quellen Kommunizieren und argumentieren Dokumentieren und präsentieren Verwenden von Fach - und Symbolsprache Im Bildungsbereich, in der privaten Sphäre und nicht zuletzt",Hessen,Realschule,,2024.0,Bio
82,3,0.7824333579092064,"Basiskonzept System Sonnensystem, Wärmetransport als Temperaturausgleich, Wärme- und Wasserkreislauf, Speicherstoffe, Überwinterungsstrategien Basiskonzept Wechselwirkung Reflexion und Absorption von Wärmestrahlung Basiskonzept Struktur der Materie Einfaches Teilchenmodell, Wärmeausdehnung und Teilchenbewegung Basiskonzept Energie Energieumwandlung, Übertragung und Speicherung von Energie Umgang mit Fachwissen Die Schülerinnen und Schüler können ... Jahres- und Tagesrhythmus durch die gleichbleibende Achsneigung auf der Umlaufbahn bzw. die Drehung der Erde im Sonnensystem",NRW,Gesamtschule,Sek1,2011.0,Bio
83,4,0.6483544508725204,"Sonne und Wetter Leben im Jahreslauf Wettervorhersagen Blattaufbau, Pflanzenzelle Angepasstheit Sonnensystem, Wärmetransport als Temperaturausgleich, Wärme- und Wasserkreislauf, Speicherstoffe, Überwinterungsstrategien Reflexion und Absorption von Wärmestrahlung Einfaches Teilchenmodell, Wärmeausdehnung und Teilchenbewegung Energieumwandlung, Übertragung und Speicherung von Energie Sinne und Wahrnehmung Sinneserfahrungen und Sinnesorgane Sehen und Hören Grenzen der Wahrnehmung Sinne erschließen die Umwelt Sinneseindrücke im Kino Tiere als Sinnesspezialisten Auge und Ohr als",NRW,Gesamtschule,Sek1,2011.0,Bio
84,4,0.47513927954905805,"mit dem Ziel, zu eigenen Fragen, Lösungswegen, Lösungen, Begründungen, Folgerungen, Interpretationen oder Wertungen zu gelangen z. B. Anwendung von Wissen und Können auf eine neue Problemstellung mit dem Ziel des Transfers. Daraus ergibt sich für die Schulen die Aufgabe, Kriterien für die Leistungsfeststellung und -beurteilung und deren Gewichtung zu ermitteln. Sie müssen in der Fachkonferenz abgesprochen werden. Im Einzelnen geht es",Rheinland-Pfalz,,,2014.0,Bio
85,1,0.748125002485116,Berücksichtigung des Prinzips des Fließgleichgewichts sowie den Ablauf des Aktionspotenzials. leiten aus Potenzialmessungen Ionenströme an Axonen ab. skizzieren die Struktur eines Neurons schematisch. erläutern die Codierung von Information bei der Übertragung von Erregung zwischen Nervenzellen sowie Nerven- und Muskelzellen an cholinergen Synapsen. simulieren kontinuierliche und saltatorische Erregungsleitung am Axon und diskutieren Möglichkeiten und Grenzen des Modells. recherchieren zu neuronalen Störungen durch,Niedersachsen,Gym,Sek2,2022.0,Bio
86,2,0.8326581912180339,"von Medien Der Schüler kann -Informationen aus verschiedenen Medien für das sachgerechte Argumentieren erschließen, kritisch betrachten und dokumentieren, -Informationen auf ihre Bedeutung für die Aufgabenlösung einschätzen Modul Bionik - die Übertragung von Lösungen aus der Natur in die Technik Der Schüler kann an geeigneten Beispielen -die Bedeutung von Naturvorbildern für technische Problemlösungen erläutern, die Nutzung von Naturvorbildern für technische Problemlösungen unter",Thüringen,Gym,"5,6",2015.0,Bio
87,3,0.9413008643421331,"Vorgehensweise der Bionik und unter Anwendung geeigneter naturwissenschaftlicher Erkenntnismethoden an ausgewählten Beispielen untersuchen: Festlegen der technisch zu realisierenden Funktion, Ermittlung von biologischen Vorbildern und Erkennen des Prinzips, Entwicklung von Funktionsmodellen, Übertragung der gewonnenen Erkenntnisse auf technische Objekte, Beispiele: Gräser, Halme, Faltblätter/Bienenwaben/Sandwichstruktur im Vogelknochen - hohe Stabilität mit wenig Material beim Turm- und Brückenbau Eisbärenfell und Eisbärenhaut - Wärmedämmung von Stoffen für",Thüringen,Gym,"5,6",2015.0,Bio
88,3,0.864063851556445,"Früchte der Großen Klette - Klettverschlüsse Oberfläche von Laubblättern der Lotuspflanze/Gartenkresse - schmutzabweisende und wasserabweisenden Oberflächen von Glas und Lack Projekt: Natur und Technik Anliegen ist, an geeigneten Beispielen die Übertragung von Lösungen aus der Natur in die Technik nachzuvollziehen. Der Schüler kann unter Anleitung -die Vorgehensweise der Bionik am ausgewählten Beispiel umsetzen, -Anschauungsmodelle zur Verdeutlichung von Bau- bzw. Funktionsprinzipien aus",Thüringen,Gym,"5,6",2015.0,Bio
89,3,0.41935401678560336,"neue Situationen bei veränderten Fragestellungen oder veränderten Sachzusammenhängen. Im MNT-Unterricht gehören dazu Vergleichen naturwissenschaftlicher Sachverhalte und Abstrahieren, Ordnen und Klassifizieren von naturwissenschaftlichen Sachverhalten, Ableiten kausaler Beziehungen, Anwenden bekannter experimenteller Vorgehensweisen, Übertragung naturwissenschaftlicher Informationen in eine andere Darstellungsform z. B. Daten aus einer Tabelle entnehmen und in einem Diagramm darstellen. Der Anforderungsbereich III umfasst -das Analysieren von Problemstellungen und das Bearbeiten mit",Thüringen,Regelschule,"5,6",2015.0,Bio
90,1,0.9552431485613241,"und Schüler können Werkzeuge und Verfahren der Molekularbiologie erläutern Restriktionsenzyme, Plasmide, PCR, Gelelektrophorese Kommunikation , , Genetik Biomoleküle und molekulare Genetik ein Verfahren zur Herstellung transgener Organismen erläutern Isolierung und Transfer von Genen, Selektion transgener Organismen Chancen und Risiken der Nutzung gentechnisch veränderter Organismen bewerten zum Beispiel in der Landwirtschaft Kommunikation , , Bewertung , , , , ETH Verantwortungsethik REV",BaWü,Gym,,2022.0,Bio
91,1,0.959611038381786,"Restriktionsenzyme, Plasmide, PCR, Gelelektrophorese eine Methode zur gezielten Veränderung von DNA beschreiben CRISPR/Cas Kommunikation , , Genetik Biomoleküle und molekulare Genetik ein Verfahren zur Herstellung transgener Organismen erläutern Isolierung und Transfer von Genen, Selektion transgener Organismen Die Schülerinnen und Schüler können Chancen und Risiken der Nutzung gentechnisch veränderter Organismen bewerten zum Beispiel in der Landwirtschaft Kommunikation , , , Bewertung ,",BaWü,Gym,,2022.0,Bio
92,4,0.971226726996502,"aufgeführt. Standards legen fest, welchen Anforderungen die Schülerinnen und Schüler gerecht werden müssen. Daher werden Operatoren in der Regel nach drei Anforderungsbereichen AFB gegliedert: Reproduktion AFB I Reorganisation AFB II Transfer AFB III Nicht in allen Fällen ist eine eindeutige Zuordnung eines Operators zu einem Anforderungsbereich möglich. Je nach inhaltlichem Kontext und unterrichtlichem Vorlauf können Operatoren in mehrere Anforderungsbereiche eingeordnet werden.",BaWü,Gym,,2022.0,Bio
93,1,0.9690905436349304,"deren Messung beschreiben die kontinuierliche und saltatorische Erregungsweiterleitung vergleichend darstellen Erkenntnisgewinnung , , Kommunikation , , Biomoleküle und molekulare Genetik CH.V Stoffe und ihre Teilchen PH.V Grundgrößen der Elektrizitätslehre die Übertragung der Erregung an der Synapse erläutern interneuronale und neuromuskuläre Synapse die Wirkung von Stoffen auf Synapsen an Beispielen erläutern zum Beispiel Gifte, Drogen an einer Sinneszelle die Reizaufnahme und die",BaWü,Gym,,2022.0,Bio
94,1,0.9701974096377476,"deren Messung beschreiben die kontinuierliche und saltatorische Erregungsweiterleitung vergleichend darstellen Erkenntnisgewinnung , , Kommunikation , , Biomoleküle und molekulare Genetik CH.V Stoffe und ihre Teilchen PH.V Grundgrößen der Elektrizitätslehre die Übertragung der Erregung an der Synapse erläutern interneuronale und neuromuskuläre Synapse die Wirkung von Stoffen auf Synapsen an Beispielen erläutern zum Beispiel Gifte, Drogen die Verrechnung der Signale von erregenden und",BaWü,Gym,,2022.0,Bio
95,5,0.504300193062501,"Fortpflanzung - Fortpflanzung und Entwicklung von zwei Wirbeltierklassen - stammesgeschichtliche Entwicklung und Verwandtschaft von Wirbeltieren an einem Beispiel - Modellexperiment als Methode zur Erkenntnisgewinnung Modell als spezifische Vereinfachung, Beobachtung, Deutung, Übertragung auf das Original - Sezieren von Naturobjekten als Methode zur Erkenntnisgewinnung Beobachtungsaufgabe, planvolle Durchführung, Dokumentation, Beachtung ethischer Grundsätze - Diagramme Verbindliche Schülerexperimente - Modellexperiment: Wärmeisolation, Auftrieb, Wasserwiderstand - reales und",Sachsen-Anhalt,Gym,,2022.0,Bio
96,3,0.7082604733298122,"Planung einer Unterrichtseinheit bedacht werden, welche Aspekte der Basiskonzepte besonders beachtet werden sollen. Dadurch können die Erkenntnisse, die in verschiedenen Unterrichtseinheiten gewonnen werden, zur Musterbildung, also zur Verknüpfung und zum Transfer auf eine allgemeine Erkenntnisebene genutzt werden. Erst auf dieser Erkenntnisebene ist problemlösendes Denken und Handeln möglich. Die Basiskonzepte beinhalten zentrale, aufeinander bezogene Begriffe, Modellvorstellungen und Systematiken. Sie werden Schritt für",Schleswig-Holstein,,,,Bio
97,3,0.9003764186419969,"und Anwendung das zur Lösung einfacher vorgegebener Aufgaben und Problemstellungen erforderliche biologische Fachwissen auswählen und anwenden. UF Ordnung und Systematisierung biologische Sachverhalte, Objekte und Vorgänge nach vorgegebenen Kriterien ordnen. UF Übertragung und Vernetzung neu erworbene biologische Konzepte in vorhandenes Wissen eingliedern und Alltagsvorstellungen hinterfragen. Erkenntnisgewinnung Die Schülerinnen und Schüler können E Problem und Fragestellung in einfachen Zusammenhängen Probleme erkennen und Fragen",NRW,Gym,Sek1,2019.0,Bio
98,3,0.9513494963946747,"Konzepte zur Analyse und Lösung von Problemen begründet auswählen und biologisches Fachwissen zielgerichtet anwenden. UF Ordnung und Systematisierung biologische Sachverhalte nach fachlichen Strukturen systematisieren und zentralen biologischen Konzepten zuordnen. UF Übertragung und Vernetzung naturwissenschaftliche Konzepte sachlogisch vernetzen und auf variable Problemsituationen übertragen. Erkenntnisgewinnung Die Schülerinnen und Schüler können E Problem und Fragestellung Fragestellungen, die biologischen Erklärungen bzw. Erkenntnisprozessen zugrunde liegen, identifizieren",NRW,Gym,Sek1,2019.0,Bio
99,3,0.47819015160334805,"kriteriengeleitetes Beobachten von biologischen Phänomenen, Strukturen und Vorgängen Aufgaben zur Arbeit mit Modellen Erklärung eines Zusammenhangs oder Überprüfung einer Aussage mit einem Modell Anwendung eines Modells auf einen konkreten Sachverhalt Übertragung eines Modells auf einen anderen Zusammenhang Aufzeigen der Vorzüge und Grenzen eines Modells Rechercheaufgaben Erarbeitung von biologischen Sachverhalten aus Texten und verschiedenen analogen und digitalen Darstellungen Analyse, Vergleich und Strukturierung",NRW,Gym,Sek1,2019.0,Bio
100,1,0.9808959761051111,"Fachmethoden in vergleichbaren Kontexten verwenden Übertragen Handlungs- und Verfahrensweisen routinemäßig gebrauchen Beherrschen Kenntnisse und Erfahrungen zu Sachverhalten und Zusammenhängen, im Umgang mit Lern- und Arbeitstechniken oder Fachmethoden durch Abstraktion und Transfer in unbekannten Kontexten verwenden Anwenden begründete Sach- und/oder Werturteile entwickeln und darstellen, Sachund/oder Wertvorstellungen in Toleranz gegenüber anderen annehmen oder ablehnen, vertreten, kritisch reflektieren und ggf. revidieren Beurteilen/ Sich positionieren",Sachsen,Gym,,2022.0,Bio
101,5,0.49636968823125444,"des Nervensystems EF Struktur und Funktion, Information Gehirn - Informationsspeicherung, Gedächtnis Rückenmark und peripheres Nervensystem - unbedingter und bedingter Reflex Reflexbogen vegetatives Nervensystem Funktion Nervenzelle und Synapse - Leitung und Übertragung von Erregungen elektrische Impulse, Überträgerstoffe Sich positionieren zur Gesunderhaltung des Nervensystems Bedeutung des Schlafes, Reizüberflutung, Stress Reflexions- und Diskursfähigkeit Beurteilung von Suchtgefahren Suchtmittel, Internet soziale, psychische und physische Folgen von",Sachsen,Gym,,2022.0,Bio
102,1,0.9522024670185131,"Beziehungen sowie über ökologische Ähnlichkeiten und Unterschiede. Modelle und Modellbildung helfen, wenn komplexe Phänomene oder Vorgänge bearbeitet werden. Das Modellieren bzw. kritische Reflektieren eines Modells umfasst auch Abstraktionsvorgänge und den Transfer von Fähigkeiten und Fertigkeiten. Kompetenzbereich Kommunikation: Arbeiten mit Quellen Kommunizieren und argumentieren Dokumentieren und präsentieren Verwenden von Fach- und Symbolsprache Im Bildungsbereich, in der privaten Sphäre und nicht zuletzt in",Hessen,Hauptschule,,2024.0,Bio
103,5,0.9740904963839364,"an das fachbezogene Können der Lernenden am Ende der gymnasialen Oberstufe und des beruflichen Gymnasiums aus Abschnitt .. Sie konkretisieren die Kompetenzbereiche und zielen grundsätzlich auf kritische Reflexionsfähigkeit sowie den Transfer beziehungsweise das Nutzen von Wissen für die Bewältigung persönlicher und gesellschaftlicher Herausforderungen. Die Lernenden setzen sich mit geeigneten und repräsentativen Lerninhalten und Themen, deren Sachaspekten und darauf bezogenen Fragestellungen auseinander",Hessen,Gym,Sek2,2024.0,Bio
104,2,0.3091998674373649,"Inhalte, Modelle, Theorien und Arbeitsweisen, so dass die Komplexität und der Aspektreichtum des Faches noch deutlicher werden. Der Unterricht ist auf eine Beherrschung der Arbeits- und Fachmethoden, deren selbstständige Anwendung, Übertragung und Reflexion sowie auf ein exemplarisch vertieftes wissenschaftspropädeutisches Arbeiten ausgerichtet. Leistungskurse zielen auf einen hohen Grad an Selbsttätigkeit der Lernenden vor allem während des Experimentierens sowie des Erarbeitens fachlicher Kenntnisse",Hessen,Gym,Sek2,2024.0,Bio
105,2,0.5536082920196738,"mit dem Ziel, zu eigenen Fragen, Lösungswegen, Lösungen, Begründungen, Folgerungen, Interpretationen oder Wertungen zu gelangen z. B. Anwendung von Wissen und Können auf eine neue Problemstellung mit dem Ziel des Transfers. Anforderungsbereiche auf einen Blick: Wissen und Können kommen zur Anwendung unter vertrauten Bedingungen ... unter neuen Bedingungen ... in unveränderter Form Reproduktion Anforderungsbereich I nahe Transferaufgabe II-III ... in veränderter",Rheinland-Pfalz,,Sek1,2014.0,Bio
106,1,0.5052646084506117,"Gehirn und Gedächtnismodelle schaffen Gelegenheit, über Lernen zu sprechen, Lernprozesse zu erklären und Lernstrategien biologisch zu begründen. Das Schlüssel-Schloss-Prinzip wird genutzt, um die Funktion von chemischen Synapsen zu erklären. Die Übertragung des Prinzips auf weitere Kontexte, z. B. Wirkung von Drogen oder Schmerzmittel, führt zu einem vertieften Verständnis. Drogenabhängigkeit kann unter Anwendung des Regulationskonzeptes erklärt werden. Bezüge: NaWi TF Sinne, Grenzen",Rheinland-Pfalz,,Sek1,2014.0,Bio
107,1,0.7490041844228953,"beim Abbau wieder frei gesetzt wird. Die Atome bleiben im Sinne des einfachen Atommodells erhalten. Es gilt das Gesetz von der Erhaltung der Masse In Donator-Akzeptor-Reaktionen werden Teilchen übertragen. Die Übertragung von Phosphatresten verändert den Energieinhalt von Biomolekülen. In Donator-Akzeptor-Reaktionen werden Teilchen übertragen z. B. Elektronenübertragung in galvanischen Zellen. Stoffumwandlungen werden modellhaft auf Veränderungen von Teilchen und Bindungen zurückgeführt. Neue Stoffe,",Rheinland-Pfalz,,Sek1,2014.0,Bio
108,4,0.31866962629290474,"der Übergänge von der Kontextebene zur Ebene des Fachwissens und vom Fachwissen zur Konzeptebene - und umgekehrt. Der Wechsel wird im Modell durch die Pfeile dargestellt wird. Dadurch wird die Übertragung von Denkweisen auf neue Zusammenhänge eingeübt. Die folgende Abbildung zeigt die Hierarchieebenen des Wissens und den Zusammenhang von Kontextwissen, Fachwissen und Basiskonzept: Der Zugang zu den Themen und Inhalten des",Rheinland-Pfalz,,Sek1,2014.0,Bio
109,1,0.9100408467979566,"Die Atome aus Kohlenstoffdioxid- und Wassermolekülen werden für die Fotosynthese von Biomasse gebraucht. TF : Kohlenstoffdioxid-Fingerabdruck: Berechnung der Kohlenstoffdioxidemission auf der Basis der Atommassen. In Donator-Akzeptor-Reaktionen werden Teilchen übertragen. Die Übertragung von Phosphatresten verändert den Energieinhalt von Biomolekülen. TF : ATP entsteht durch die Übertragung eines Phosphatrestes auf ADP. Stoffumwandlungen werden modellhaft auf Veränderungen von Teilchen und Bindungen zurückgeführt. Neue Stoffe,",Rheinland-Pfalz,,Sek1,2014.0,Bio
110,1,0.9190865566356307,": Kohlenstoffdioxid-Fingerabdruck: Berechnung der Kohlenstoffdioxidemission auf der Basis der Atommassen. In Donator-Akzeptor-Reaktionen werden Teilchen übertragen. Die Übertragung von Phosphatresten verändert den Energieinhalt von Biomolekülen. TF : ATP entsteht durch die Übertragung eines Phosphatrestes auf ADP. Stoffumwandlungen werden modellhaft auf Veränderungen von Teilchen und Bindungen zurückgeführt. Neue Stoffe, die bei Stoffwechselreaktionen entstehen, enthalten die Atome der Edukte in einer veränderten Zusammensetzung. TF",Rheinland-Pfalz,,Sek1,2014.0,Bio
111,3,0.6116129441606609,"für Stärke und Fett Bau und Funktion des Verdauungstraktes gesunde Lebensweise und Ernährung Alles anders - alles neu Pubertät und Sexualität BTV Bau der Geschlechtsorgane Menstruation Schwangerschaft und Verhütung Körperhygiene Übertragung einzelner Aspekte auf ausgewählte Vertreter der Säugetiere Vergleich anhand ausgewählter Merkmale, Bsp.: Körperbedeckung artgerechte Haltung, Verantwortung übernehmen Prinzip der Oberflächenvergrößerung, Gasaustausch Anpassungen des Gebisses, Bedeutung der Ernährung Bestandteile im Überblick:",MeckPomm,,"5,6",2022.0,Bio
112,3,0.9330817232913883,"B. Flussdiagramme die schriftliche Darstellung von Daten, Tabellen, Diagrammen und Abbildungen mithilfe der Fachsprache Im Fach Biologie gehören in den Anforderungsbereich II: die Anwendung der Basiskonzepte in neuartigen Zusammenhängen die Übertragung und Anpassung von Modellvorstellungen die sachgerechte, eigenständig strukturierte und Aufgaben bezogene Darstellung komplexer biologischer Abläufe im Zusammenhang einer Aufgabenstellung die Auswahl bekannter Daten, Fakten und Methoden zur Herstellung neuer Zusammenhänge",MeckPomm,,"5,6",2022.0,Bio
113,4,0.7313344073763485,"sozialer Kompetenz, Entspannungsverfahren, Selbstsicherheits- bzw. Angstbewältigungstrainings Ergänzend zu den verhaltenstherapeutischen Ansätzen ist für eA mindestens einer der nachfolgenden Therapieansätze zu behandeln: Psychodynamische Therapie: Techniken der Psychoanalyse o Freie Assoziation o Übertragung/Gegenübertragung o Traumarbeit o Deutung Kognitive Verhaltenstherapie o REVT nach Ellis oder KVT nach Beck Depression o Teufelskreis der Angst von Margraf und Schneider Angststörung o typische Therapiebausteine z. B. Aktivitätsaufbau,",Hamburg,,Sek2,2024.0,Psychologie
114,3,0.9594112937868999,"bekannter Sachverhalte in neuen Zusammenhängen; Gebrauch von bekanntem Material ohne es notwendigerweise mit anderem, noch fremden Material in Beziehung zu bringen. Bei der Bewertung berücksichtigt werden z. B.: Selbstständigkeit beim Transfer Neuigkeitsgrad der Sachzusammenhänge, auf die die bekannten Fertigkeiten anzuwenden sind Zweckentsprechung und Zielgerichtetheit der Anwendung Genauigkeit des Transfers Grad der Ordnung Analyse Gliedern und Schwerpunktsetzen, Vergleichen, Klassifizieren und Ordnen; Sichten",,,,2006.0,Psychologie
115,3,0.3237148533990217,"auf den Fall Christian angewandt werden. Diese Darstellung ist die Basis für die weiterführende Auseinandersetzung mit dem Normbegriff, der in seiner historischen, gesellschaftlichen und kulturellen Dimension vorgestellt werden soll. Beim Transfer auf das Verhalten von Christian sollen diese Aspekte inklusive des Zeitgeists berücksichtigt werden. Die multikausale Verursachung des problematischen Verhaltens soll vermittelt werden. Für die Note ausreichend muss die Definition auf",,,,2006.0,Psychologie
116,3,0.7413384536754407,"Beziehung zu bringen. Bei der Bewertung berücksichtigt werden z. B.: Selbstständigkeit beim Transfer Neuigkeitsgrad der Sachzusammenhänge, auf die die bekannten Fertigkeiten anzuwenden sind Zweckentsprechung und Zielgerichtetheit der Anwendung Genauigkeit des Transfers Grad der Ordnung Analyse Gliedern und Schwerpunktsetzen, Vergleichen, Klassifizieren und Ordnen; Sichten beziehungsweise Zusammenstellen und ordnendes Aufbereiten von Sachverhalten, Daten und Texten. Beurteilungskriterien sind z. B.: Komplexität der neuen Zusammenhänge",,,,2006.0,Psychologie
117,3,0.3494998235674713,"in die Inhalte, Modelle und Theorien, so dass die Komplexität und der Aspektreichtum des Unterrichtsfaches deutlich wird. Der Unterricht ist auf eine vertiefte Beherrschung der fachlichen Methoden, ihre selbstständige Anwendung, Übertragung und theoretische Reflexion gerichtet. Die Anforderungen im Unterricht mit grundlegendem Anforderungsniveau sollen sich daher nicht nur quantitativ, sondern vor allem qualitativ von denen im Unterricht mit erhöhtem Anforderungsniveau unterscheiden: im",,,,2006.0,Psychologie
118,1,0.4313868771153562,"auf eine systematische Beschäftigung mit wesentlichen, die Komplexität und den Aspektreichtum des Faches Psychologie verdeutlichenden Inhalten, Theorien und Modellen, auf eine vertiefte Beherrschung der fachlichen Arbeitsmethoden und ihre selbstständige Anwendung, Übertragung und theoretische Reflexion. Die abschlussorientierten Standards werden einzeln für die vier Kompetenzbereiche formuliert, durchdringen einander aber in vielfältiger Weise. Fachwissen - psychische Phänomene, Begriffe, Methoden und Theorien verwenden und grundlegenden",Berlin,Gym,Sek2,2022.0,Psychologie
119,3,0.5557556299272863,"auf allen drei Anforderungsniveaus enthalten. Daher ist es wichtig, die Operatoren im Unterricht einzuführen und zu verwenden, damit die Schülerinnen und Schüler bei den Leistungsmessungen damit vertraut sind. Auch der Transfer von psychologischem Wissen sollte im Unterricht regelmäßig geübt werden. Prozessbezogene Kompetenzen Analyse- und Methodenkompetenz Die Schülerinnen und Schüler können psychologische Sachverhalte mithilfe verschiedener Methoden erschließen sowie psychologische Forschungsergebnisse beschreiben, analysieren",BaWü,,Sek2,2016.0,Psychologie
120,4,0.9762707124188603,"aufgeführt. Standards legen fest, welchen Anforderungen die Schülerinnen und Schüler gerecht werden müssen. Daher werden Operatoren in der Regel nach drei Anforderungsbereichen AFB gegliedert: Reproduktion AFB I Reorganisation AFB II Transfer / Bewertung AFB III Nicht in allen Fällen ist eine eindeutige Zuordnung eines Operators zu einem Anforderungsbereich möglich. Operator Beschreibung AFB analysieren Sachverhalte unter vorgegebener Fragestellung kriterienorientiert bearbeiten und darstellen",BaWü,,Sek2,2016.0,Psychologie
121,3,0.5557556299272863,"auf allen drei Anforderungsniveaus enthalten. Daher ist es wichtig, die Operatoren im Unterricht einzuführen und zu verwenden, damit die Schülerinnen und Schüler bei den Leistungsmessungen damit vertraut sind. Auch der Transfer von psychologischem Wissen sollte im Unterricht regelmäßig geübt werden. Prozessbezogene Kompetenzen Analyse- und Methodenkompetenz Die Schülerinnen und Schüler können psychologische Sachverhalte mithilfe verschiedener Methoden erschließen sowie psychologische Forschungsergebnisse beschreiben, analysieren",BaWü,Gemeinschaftsschule,Sek2,2016.0,Psychologie
122,4,0.9762707124188603,"aufgeführt. Standards legen fest, welchen Anforderungen die Schülerinnen und Schüler gerecht werden müssen. Daher werden Operatoren in der Regel nach drei Anforderungsbereichen AFB gegliedert: Reproduktion AFB I Reorganisation AFB II Transfer / Bewertung AFB III Nicht in allen Fällen ist eine eindeutige Zuordnung eines Operators zu einem Anforderungsbereich möglich. Operator Beschreibung AFB analysieren Sachverhalte unter vorgegebener Fragestellung kriterienorientiert bearbeiten und darstellen",BaWü,Gemeinschaftsschule,Sek2,2016.0,Psychologie
123,2,0.8047386756914686,"soll die systematische Erarbeitung von wesentlichen, die Komplexität der Wirt schaft verdeutlichenden Inhalte zum Ziel haben, die vertiefte Beherrschung der Arbeitsmethoden, Modelle und Theorien der Wirtschaft und ihre selbstständige Anwendung, Übertragung und Reflexion vermitteln, die differenzierte Erkenntnis fachübergreifender Zusammenhänge zum Ziel haben. Unterschiede ergeben sich u. a. aus dem Grad der Vorstrukturierung, dem Komplexitätsgrad, dem Grad der Selbstständigkeit und Reflexion, dem",,,,2006.0,Sozialkunde
124,1,0.9808959761051111,"Fachmethoden in vergleichbaren Kontexten verwenden Übertragen Handlungs- und Verfahrensweisen routinemäßig gebrauchen Beherrschen Kenntnisse und Erfahrungen zu Sachverhalten und Zusammenhängen, im Umgang mit Lern- und Arbeitstechniken oder Fachmethoden durch Abstraktion und Transfer in unbekannten Kontexten verwenden Anwenden begründete Sach- und/oder Werturteile entwickeln und darstellen, Sachund/oder Wertvorstellungen in Toleranz gegenüber anderen annehmen oder ablehnen, vertreten, kritisch reflektieren und ggf. revidieren Beurteilen/ Sich positionieren",Sachsen,Oberschule,,2019.0,Sozialkunde
125,4,0.7265258603893635,"Bedeutung multilateraler Kooperation. diskutieren auf der Basis ihrer Kenntnisse globaler wirtschaftlicher Zusammenhänge deren soziale, kulturelle bzw. ökologische Auswirkungen in verschiedenen Regionen der Welt z. B. Wandel von Rollenbildern, digitale Kommunikationsmedien, Transfer von Technologien, Klimawandel, um ein differenziertes Bild von Globalisierungsprozessen zu gewinnen. erkennen angesichts einer globalen Herausforderung wie Klimawandel oder Migration Möglichkeiten und Grenzen politischer Einflussnahme auf die Folgen der Globalisierung,",Bayern,Gym,11,2023.0,Sozialkunde
126,5,0.7311987233528698,"wird Machtvakuum; slawischer Nationalismus, Panslawismus; Balkankrisen werden zum internationalen Konflikt Erster Weltkrieg A. Karger: Der Zerfall Jugoslawiens, GA-spezial aktuell, Geographie aktuell , I. Geiss: Der Jugoslawienkrieg, Brennpunkte die Problematik der Übertragung des westl. demokratischen Nationalstaatsdenkens und des Selbstbestimmungsrechts auf den Balkanraum erkennen Balkanisierung nach : Nationalstaatsbildung mit einem herrschenden Staatsvolk und großen Minderheiten; Assimilationsdruck Geschichte, Frankfurt a. M. ; mit Dokumenten,",Rheinland-Pfalz,,,2011.0,Sozialkunde
127,2,0.9461810125970035,"und Metallzeit: Vom Jäger und Sammler, Ackerbauern und Viehzüchter bis zur arbeitsteiligen Gesellschaft Lebens- und Herrschaftsformen in der Vergangenheit Hochkulturen der Antike Römer und Germanen: Römisches und germanisches Leben, kultureller Transfer Räumliche Orientierung Geografische Dimension Schule, Wohnort, Region, Land, Kontinent, Erde Nutzung und Gestaltung der Umwelt Natur- und Lebensraum der Region und Deutschlands Leben unter extremen geografischen Bedingungen Regeln des Zusammenlebens",Bremen,Oberschule,Sek1,2010.0,Sozialkunde
128,4,0.9776941884748322,"darstellen benennen bezeichnen Sachverhalte, Strukturen und Prozesse begrifflich präzise aufführen beschreiben darlegen darstellen Wesentliche Aspekte eines Sachverhalts im logischen Zusammenhang unter Verwendung der Fachbegriffe wiedergeben Anforderungsbereich II - Reorganisation und Transfer Erklären struktureller und zeitlicher Zusammenhänge Sinnvolles Verknüpfen politischer Sachverhalte Analysieren von unterschiedlichen Materialien Einordnen von Sachverhalten unter Beachtung der Rahmenbedingungen analysieren Materialien oder Sachverhalte kriterienorientiert oder aspektgeleitet erschließen und strukturiert",Niedersachsen,Oberschule,,2018.0,Sozialkunde
129,5,0.4812746437634226,"sowohl unter Sach- als auch unter Wertaspekten zu analysieren und zu beurteilen. Gerade die Komplexität, Konflikthaltigkeit, Unsicherheit und Problemhaltigkeit der jeweiligen ökonomischen, rechtlichen, politischen und sozialen Realität lassen eine geradlinige Übertragung eines moralischen Standpunktes auf die jeweilige Systemebene oft als höchst problematisch erscheinen. Denn die jeweiligen Einstellungs- und Denkpfade sind durchaus unterschiedlich und beanspruchen ihre je eigene Gültigkeit. Gerade im Spannungsfeld",Berlin,Gym,Sek2,,Sozialkunde
130,5,0.91077212224798,"zur Ausbreitung der Pest in Mitteleuropa aus SK, MK, beurteilen demografische, soziale und wirtschaftliche Auswirkungen der Pestpandemie des Jahrhunderts BK. Die Schülerinnen und Schüler recherchieren medizinische Aspekte der Pest; insbesondere Übertragung, Symptome, Heilungsmöglichkeiten SK, MK. Katastrophen und Krisenbewältigung Gesellschaftswissenschaften Inhalte Kompetenzerwartungen Themen Basisbegriffe Verbindliche Basiskompetenzen Fakultative Erweiterungs-/ Vertiefungskompetenzen Alternative : Moderne Seuchen und Epidemien Impfung, Hygiene Die Schülerinnen und Schüler recherchieren",Saarland,Gemeinschaftsschule,"7,8",2014.0,Sozialkunde
131,5,0.9423478229718171,"mit den Grundlagen der Wirtschaftswissenschaft - insbesondere der Volkswirtschaftslehre - auseinander. Die Modellbildung als eine der wichtigsten Methoden der Wirtschaftswissenschaft steht im Zentrum der einzelnen Betrachtungen. In der Modellkonstruktion, der Übertragung von wirtschaftlichen Sachverhalten aus dem persönlichen Umfeld der Schülerinnen und Schüler auf eine höhere Abstraktionsebene, verwenden sie die grundlegenden Fachbegriffe in unterschiedlichen Diskussionsrahmen. Die Schülerinnen und Schüler untersuchen die wirtschaftlichen",Berlin,Gym,Sek2,,Sozialkunde
132,4,0.9776910989984167,"darstellen benennen bezeichnen Sachverhalte, Strukturen und Prozesse begrifflich präzise aufführen beschreiben darlegen darstellen Wesentliche Aspekte eines Sachverhalts im logischen Zusammenhang unter Verwendung der Fachbegriffe wiedergeben Anforderungsbereich II - Reorganisation und Transfer Erklären struktureller und zeitlicher Zusammenhänge Sinnvolles Verknüpfen politischer Sachverhalte Analysieren von unterschiedlichen Materialien Einordnen von Sachverhalten unter Beachtung der Rahmenbedingungen analysieren Materialien oder Sachverhalte am Politikzyklus orientiert erschließen auswerten Daten",Niedersachsen,Realschule,,2015.0,Sozialkunde
133,5,0.9740904963839364,"an das fachbezogene Können der Lernenden am Ende der gymnasialen Oberstufe und des beruflichen Gymnasiums aus Abschnitt .. Sie konkretisieren die Kompetenzbereiche und zielen grundsätzlich auf kritische Reflexionsfähigkeit sowie den Transfer beziehungsweise das Nutzen von Wissen für die Bewältigung persönlicher und gesellschaftlicher Herausforderungen. Die Lernenden setzen sich mit geeigneten und repräsentativen Lerninhalten und Themen, deren Sachaspekten und darauf bezogenen Fragestellungen auseinander",Hessen,Gym,Sek2,2024.0,Sozialkunde
134,4,0.7751763780295219,"der europäischen Ebene beeinflusst werden. Die Lernenden untersuchen Fragen hinsichtlich der Ziele und Wege einer weiteren Europäischen Integration, wozu zwei Aspekte des Integrationsprozesses analysiert und beurteilt werden können. Vertiefung als Übertragung politischer und ökonomischer Kompetenzen auf die supranationale Ebene und Erweiterung durch bereits erfolgte und mögliche weitere EU-Beitritte stehen in einem Spannungsverhältnis zueinander. Die Themenfelder und thematisieren die entsprechenden Herausforderungen für",Hessen,Gym,Sek2,2024.0,Sozialkunde
135,5,0.9740904963839364,"an das fachbezogene Können der Lernenden am Ende der gymnasialen Oberstufe und des beruflichen Gymnasiums aus Abschnitt .. Sie konkretisieren die Kompetenzbereiche und zielen grundsätzlich auf kritische Reflexionsfähigkeit sowie den Transfer beziehungsweise das Nutzen von Wissen für die Bewältigung persönlicher und gesellschaftlicher Herausforderungen. Die Lernenden setzen sich mit geeigneten und repräsentativen Lerninhalten und Themen, deren Sachaspekten und darauf bezogenen Fragestellungen auseinander",Hessen,Gym,Sek2,2024.0,Sozialkunde
136,4,0.7265258603893635,"Bedeutung multilateraler Kooperation. diskutieren auf der Basis ihrer Kenntnisse globaler wirtschaftlicher Zusammenhänge deren soziale, kulturelle bzw. ökologische Auswirkungen in verschiedenen Regionen der Welt z. B. Wandel von Rollenbildern, digitale Kommunikationsmedien, Transfer von Technologien, Klimawandel, um ein differenziertes Bild von Globalisierungsprozessen zu gewinnen. erkennen angesichts einer globalen Herausforderung wie Klimawandel oder Migration Möglichkeiten und Grenzen politischer Einflussnahme auf die Folgen der Globalisierung,",Bayern,Gym,11,2023.0,Sozialkunde
137,4,0.9776910989984167,"darstellen benennen bezeichnen Sachverhalte, Strukturen und Prozesse begrifflich präzise aufführen beschreiben darlegen darstellen Wesentliche Aspekte eines Sachverhalts im logischen Zusammenhang unter Verwendung der Fachbegriffe wiedergeben Anforderungsbereich II - Reorganisation und Transfer Erklären struktureller und zeitlicher Zusammenhänge Sinnvolles Verknüpfen politischer Sachverhalte Analysieren von unterschiedlichen Materialien Einordnen von Sachverhalten unter Beachtung der Rahmenbedingungen analysieren Materialien oder Sachverhalte am Politikzyklus orientiert erschließen auswerten Daten",Niedersachsen,Hauptschule,,2015.0,Sozialkunde
138,5,0.7311987233528698,"Machtvakuum; slawischer Nationalismus, Panslawismus; Balkankrisen werden zum internationalen Konflikt Erster Weltkrieg A. Karger: Der Zerfall Jugoslawiens, GA-spezial aktuell, Geographie aktuell , I. Geiss: Der Jugoslawienkrieg, Brennpunkte - die Problematik der Übertragung des westl. demokratischen Nationalstaatsdenkens und des Selbstbestimmungsrechts auf den Balkanraum erkennen Balkanisierung nach : Nationalstaatsbildung mit einem herrschenden Staatsvolk und großen Minderheiten; Assimilationsdruck Geschichte, Frankfurt a. M. ; mit Dokumenten,",Rheinland-Pfalz,Gym,Sek2,1998.0,Sozialkunde
139,4,0.9378591031097304,"politische Prozesse in der EU im Hinblick auf regionale und nationale Interessen sowie das Ideal eines europäischen Gesamtinteresses, bewerten an einem Fallbeispiel vergleichend die Entscheidungsmöglichkeiten der einzelnen EU-Institutionen, bewerten die Übertragung nationaler Souveränitätsrechte auf EU-Institutionen unter dem Kriterium demokratischer Legitimation, bewerten die europäische Integration unter den Kriterien der Sicherung von Frieden und Freiheiten sowie der Steigerung der Wohlfahrt der EU-Bürger, bewerten",NRW,Gym,Sek2,2014.0,Sozialkunde
140,4,0.9326188022594541,"politische Prozesse in der EU im Hinblick auf regionale und nationale Interessen sowie das Ideal eines europäischen Gesamtinteresses, bewerten an einem Fallbeispiel vergleichend die Entscheidungsmöglichkeiten der einzelnen EU-Institutionen, bewerten die Übertragung nationaler Souveränitätsrechte auf EU-Institutionen unter dem Kriterium demokratischer Legitimation, bewerten die europäische Integration unter den Kriterien der Sicherung von Frieden und Freiheiten und der Steigerung der Wohlfahrt der EU-Bürger, erörtern",NRW,Gym,Sek2,2014.0,Sozialkunde
141,3,0.865834709566341,"Berlin Landeshauptstädte Kreisstädte Projektvorschlag: Was macht eigentlich unser/e Bürgermeister/in Erkundung des Verwaltungszentrums oder Rathauses Interview mit Bürgermeister/in Verknüpfung zu Herrschaft und Teilhabe Bundesländer und Landeshauptstädte auf einer Karte verorten MD Transfer der anhand des gewählten Beispiels eingeführten Begriffe Flächenstaaten, Stadtstaaten, Zentralismus und Föderalismus Medien und Gesellschaft ca. Unterrichtsstunden Medien sind Kommunikationsmittel. Sie prägen Gesellschaften und deren Mitglieder - und werden durch",MeckPomm,,"5,6",,Sozialkunde
142,5,0.9327944547548623,"für die Entwicklung menschlicher Gesellschaften oder die Etablierung einer demokratischen Öffentlichkeit. Verbindliche Inhalte Hinweise und Anregungen Medien verändern mich Medien und Mediennutzung im persönlichen Umfeld nachweisen DRF MD Kommunikationskette: Sender Übertragung - Empfänger Medientypen Massenmedien gesellschaftliche Orte der Medienproduktion und Mediennutzung im Nahraum oder in MV auf einer Karte verorten Medientypen, z. B. Bild, Text, Lied, Statistik, Karte, Schema, historischer Gegenstand",MeckPomm,,"5,6",,Sozialkunde
143,4,0.8110707598911162,"Sachverhalte, Strukturen und Prozesse begrifflich präzise aufführen beschreiben darlegen darstellen Wesentliche Aspekte eines Sachverhaltes im logischen Zusammenhang unter Verwendung der Fachsprache wiedergeben Operatoren, die Leistungen im Anforderungsbereich II Reorganisation und Transfer verlangen: analysieren Materialien oder Sachverhalte kriterienorientiert oder aspektgeleitet erschließen, in systematische Zusammenhänge einordnen und Hintergründe und Beziehungen herausarbeiten auswerten Daten oder Einzelergebnisse zu einer abschließenden Gesamtaussage zusammenführen charakterisieren Sachverhalte in",,,,2005.0,Sozialkunde
144,2,0.8840670702420296,"Europa der Vaterländer Staatenbund Prozess: Nationalstaaten handeln die für den Integrationsprozess relevanten Entscheidungen aus, nachdem nationale Entscheidung und Interessensbildung erfolgt sind. Es handelt sich um eine zwischenstaatliche Kooperation ohne direkte Übertragung von Hoheitsrechten auf supranationale Organisationen. Funktionalismus Ziel: Politische Union form follows function; Zielbestimmung ist abhängig von der Entwicklung Staatenverbund, die Finalitätsfrage ist nicht geklärt. Prozess: Zusammenarbeit von Staaten in spezifischen",,,,2005.0,Sozialkunde
145,5,0.9597159397231524,"von Informationen und Sachverhalten, z. B. auch bildliche Darstellungen und Graphiken zusammenfassen Reduktion von Sachverhalten auf wesentliche Aspekte und deren strukturierte und unkommentierte Wiedergabe Operatoren, die Leistungen im Anforderungsbereich II Reorganisation/Transfer verlangen: charakterisieren herausarbeiten Beschreibung von Sachverhalten in ihren Eigenarten und Zusammenfassung dieser unter bestimmten Gesichtspunkten erstellen produktorientierte Bearbeitung von Aufgabenstellungen, z. B. in einem Diagramm, einer Faustskizze oder einem Wirkungsgeflecht",Saarland,Gym,Sek2,2019.0,Sozialkunde
146,2,0.8989917415389641,"Kulturen - Knappheit als ubiquitäre Erscheinung - Arten/Einteilung von Gütern, z. B. private Güter, öffentliche Güter - ökonomisches Verhaltensmodell - Ausprägungen des ökonomischen Prinzips - Arten des Einkommens: Erwerbstätigkeit selbstständig/nichtselbstständig, Transfers, Einkommen aus Vermögen - vereinfachtes makroökonomisches Modell des Wirtschaftskreislaufs: Akteure, Geld- und Güterströme - ökonomisch relevante Handlungen, z. B. Arbeiten, Konsum - Dilemmata, z. B. Trittbrettfahrerposition, Gefangenen-Dilemma Kompetenzschwerpunkt: Die Bedeutung",Sachsen-Anhalt,Gym,,2017.0,Sozialkunde
147,1,0.9191432206373469,"passende Individualversicherungen hypothetisch festlegen und die Entscheidung begründen Grundlegende Wissensbestände - die fünf Säulen des Sozialversicherungs-Systems in Deutschland gesetzliche Renten-, Kranken-, Unfall-, Arbeitslosen-, Pflegeversicherung - Solidargemeinschaft und Generationenvertrag - staatliche Transfers, z. B. gesetzliche Rente, Kindergeld, BAföG, Arbeitslosengeld I und II - private Pflichtversicherungen, z. B. Kfz-Haftpflicht, sowie individuell wählbare Sach-, Personenund Vermögensversicherungen, z. B. Hausratversicherung, private Unfallversicherung, Risikolebensversicherung, private Rentenversicherung",Sachsen-Anhalt,Gym,,2017.0,Sozialkunde
148,5,0.9633829047551565,"Wiedergabe von Informationen und Sachverhalten, z.B. auch bildliche Darstellungen und Graphiken zusammenfassen Reduktion von Sachverhalten auf wesentliche Aspekte und deren strukturierte und unkommentierte Wiedergabe Operatoren, die Leistungen im Anforderungsbereich II Reorganisation/Transfer verlangen: charakterisieren herausarbeiten Beschreibung von Sachverhalten in ihren Eigenarten und Zusammenfassung dieser unter bestimmten Gesichtspunkt erstellen produktorientierte Bearbeitung von Aufgabenstellungen, z.B. in einem Diagramm, einer Faustskizze oder einem Wirkungsgeflecht einordnen",Saarland,Gym,Sek2,2019.0,Sozialkunde
149,3,0.9493809128364441,Fallbeispiel mit dem völkerrechtlichen wie vergangenheitspolitischen Umgang mit historischen Konflikten/Konfliktlösungen auseinander. Mit den vorgeschlagenen historischen Beispielen wird der Gegenstand auch in einen globalhistorischen Kontext gestellt und es werden Möglichkeiten des Transfers eröffnet. Der Unterricht im Fach Politische Bildung führt ein in die Probleme internationaler Zusammenarbeit und Friedenssicherung und vermittelt bei der multiperspektivischen Analyse von internationalen Konflikten politisches Deutungswissen mit dem Ziel,Berlin,,7-10,,Sozialkunde
150,4,0.9329409047541298,"werden konnten. Darüber hinaus sollen jedoch auch Problemstellungen einbezogen werden, die die Verfügbarkeit von Kompetenzen eines langfristig angelegten Kompetenzaufbaus überprüfen. In schriftlichen Lernkontrollen sind alle drei Anforderungsbereiche Reproduktion, Reorganisation und Transfer sowie Reflexion und Problemlösung zu berücksichtigen. Festlegungen zur Anzahl der bewerteten schriftlichen Lernkontrollen trifft die Fachkonferenz auf der Grundlage der Vorgaben des Erlasses Die Arbeit in den Schuljahrgängen - am",Niedersachsen,Gym,Sek1,2015.0,Sozialkunde
151,3,0.9577538110989491,"angehen. vgl. hierzu Teil C Anhang, Glossar Begriff Lernaufgabe, Materialien Kriterien für Lern aufgaben sowie Literatur hinweise/Links Aufgabenstellungen, die den Kompetenzerwerb sichern, sind dabei ebenso wichtig wie solche, die einen Transfer des Gelernten auf neue Anwendungssituationen erfordern. Leistungssituationen gestalten Damit kompetenzfördernder Unterricht gelingen kann, ist es einerseits notwendig, sinnvolle Lern situationen zu schaffen. Doch auch die Leistungssituationen müssen entsprechend gestaltet werden",Hessen,,Sek1,,Sozialkunde
152,2,0.9577686319560529,"was ich schon kann und woran ich noch arbeiten muss. Ich bekomme Rückmeldung und Beratung. Ich setze mir neue Ziele. Kompetenzen stärken und erweitern Differenzierte Anforderungssituationen: Übung, Vertiefung, Anwendung und Transfer Ich arbeite auf meine Ziele hin und erhalte dabei Unterstützung. Ich nutze mein Wissen und Können - auch in für mich neuen Situationen. Ich erprobe und festige, was ich gelernt",Hessen,,Sek1,,Sozialkunde
153,2,0.7327202531571348,"aber auch haben Investitionen in die Landwirtschaft können zu Kapital- und Technologietransfer, Produktivitätssteigerungen sowie erleichtertem Marktzugang und besserer Infrastruktur führen. Dadurch entstehen Einkommenschancen für die lokale Bevölkerung, die auch vom Know-how-Transfer profitiert, und nicht zuletzt auch für den Staat. Werden aber auf den verkauften oder verpachteten Flächen keine Nahrungsmittel oder überwiegend Nahrungsmittel für den Export angebaut, kann dies zu einer Verschärfung",Hessen,,Sek1,,Sozialkunde
154,1,0.9808959761051111,"Fachmethoden in vergleichbaren Kontexten verwenden Übertragen Handlungs- und Verfahrensweisen routinemäßig gebrauchen Beherrschen Kenntnisse und Erfahrungen zu Sachverhalten und Zusammenhängen, im Umgang mit Lern- und Arbeitstechniken oder Fachmethoden durch Abstraktion und Transfer in unbekannten Kontexten verwenden Anwenden begründete Sach- und/oder Werturteile entwickeln und darstellen, Sachund/oder Wertvorstellungen in Toleranz gegenüber anderen annehmen oder ablehnen, vertreten, kritisch reflektieren und ggf. revidieren Beurteilen/ Sich positionieren",Sachsen,Gym,,2019.0,Sozialkunde
155,4,0.8110707598911162,"Sachverhalte, Strukturen und Prozesse begrifflich präzise aufführen beschreiben darlegen darstellen Wesentliche Aspekte eines Sachverhaltes im logischen Zusammenhang unter Verwendung der Fachsprache wiedergeben Operatoren, die Leistungen im Anforderungsbereich II Reorganisation und Transfer verlangen: analysieren Materialien oder Sachverhalte kriterienorientiert oder aspektgeleitet erschließen, in systematische Zusammenhänge einordnen und Hintergründe und Beziehungen herausarbeiten auswerten Daten oder Einzelergebnisse zu einer abschließenden Gesamtaussage zusammenführen charakterisieren Sachverhalte in",Schleswig-Holstein,,Sekundarstufe,2016.0,Sozialkunde
156,2,0.946590502003489,"das Geheimnis der Pyramiden Götter, Helden, Baukunst , Olympische Spiele als Friedensidee Athen: Ursprung der Demokratie Recht, Verwaltung, Staat: das Erbe der Römer Römer und Germanen: römisches Leben und kultureller Transfer in Deutschland Geografische Dimension Klassen-/ Schulplan Topografie des Wohnortes, der Region, des Landes, der Kontinente, der Welt Kompass Gradnetz Naturräumliche Gliederung der Region und über die Region hinaus Wasser und",Bremen,Gym,Sek1,2006.0,Sozialkunde
157,2,0.9553805776810083,"modernen Staat beschreiben, die Spuren des römischen Lebens in Deutschland aufzeigen, die Unterschiede zwischen Römern und Germanen, die Auseinandersetzungen und die friedlichen Kontakte zwischen ihnen benennen, die Spuren des kulturellen Transfers zwischen Römern und Germanen in Sprache und Alltag aufzeigen. Geografische Dimension Die Schülerinnen und Schüler können ... einer Karte oder einem Globus wesentliche Informationen entnehmen und die Informationen unterschiedlicher Karten",Bremen,Gym,Sek1,2006.0,Sozialkunde
158,4,0.9573673908245786,"zusammengestellt werden, dass in jeder Klausur verschiedene im Unterricht vermittelte Kompetenzen mithilfe des Materials überprüft und die drei Anforderungsbereiche berücksichtigt werden. Dabei liegt der Schwerpunkt im Anforderungsbereich II Reorganisation und Transfer, Anteile aus dem Anforderungsbereich I Reproduktion und dem Anforderungsbereich III Reflexion und Problemlösung müssen angemessen enthalten sein. Die Aufgaben müssen dabei auf den jeweiligen Unterrichtsstand bezogen sein. Die Operatoren für",Niedersachsen,Gym,Sek2,2018.0,Sozialkunde
159,4,0.9460992025164959,"Vermögensverteilung anhand statistischer Materialien. erörtern Prinzipien der Verteilungsgerechtigkeit Egalität, Bedarf, Leistung als Herausforderung für die soziale Marktwirtschaft. beschreiben das System von Primär- und Sekundärverteilung von Einkommen Umverteilung durch Steuern und Transfers. vergleichen politische Positionen zur gerechten Einkommens- und Vermögensverteilung. erörtern politische Vorschläge zur gerechten Einkommens- und Vermögensverteilung vor dem Hintergrund von Grundwerten der sozialen Marktwirtschaft Freiheit, Gerechtigkeit, Sicherheit. beschreiben Prinzipien der",Niedersachsen,Gym,Sek2,2018.0,Sozialkunde
